model,quant,binary,invocations,sm_mhz_mean,sm_mhz_min,sm_mhz_max,pin_held_frac_min,mem_mhz_mean,power_w_mean,power_w_max,temp_c_max,reasons,invocations_pin_not_held,pinned,pin_mhz
llama3.1-8b,Q4_0,selected,6,806.7,675,810,0.9111,6251,63.90,73.68,78,sw_power_cap,5,True,810
llama3.1-8b,Q4_0,force_mmq,6,810.0,810,810,1.0000,6251,61.84,65.71,80,none,0,True,810
llama3.1-8b,Q4_0,cutoff7,6,807.4,675,810,0.9478,6251,63.60,73.12,80,sw_power_cap,6,True,810
llama3.1-8b,Q4_0,null_rebuild,6,805.3,615,810,0.9037,6251,64.18,73.93,80,sw_power_cap,6,True,810
llama3.1-8b,Q8_0,selected,6,796.1,525,810,0.9183,6251,64.78,72.73,79,sw_power_cap,6,True,810
llama3.1-8b,Q8_0,force_mmq,6,810.0,810,810,1.0000,6251,62.50,64.62,78,none,0,True,810
llama3.1-8b,Q8_0,cutoff7,6,804.4,525,810,0.9663,6251,64.21,72.67,78,sw_power_cap,6,True,810
llama3.1-8b,Q8_0,null_rebuild,6,796.1,525,810,0.9187,6251,64.78,72.72,78,sw_power_cap,6,True,810
llama3.2-3b,Q4_0,selected,6,810.0,810,810,1.0000,6251,55.71,65.57,78,none,0,True,810
llama3.2-3b,Q4_0,force_mmq,6,810.0,810,810,1.0000,6251,53.44,56.71,77,none,0,True,810
llama3.2-3b,Q4_0,cutoff7,6,810.0,810,810,1.0000,6251,55.52,65.09,80,none,0,True,810
llama3.2-3b,Q4_0,null_rebuild,6,810.0,810,810,1.0000,6251,55.86,65.49,79,none,0,True,810
llama3.2-3b,Q8_0,selected,6,810.0,810,810,1.0000,6251,58.62,69.23,78,none,0,True,810
llama3.2-3b,Q8_0,force_mmq,6,810.0,810,810,1.0000,6251,56.00,59.77,78,none,0,True,810
llama3.2-3b,Q8_0,cutoff7,6,810.0,810,810,1.0000,6251,58.31,67.99,80,none,0,True,810
llama3.2-3b,Q8_0,null_rebuild,6,810.0,810,810,1.0000,6251,58.58,68.64,79,none,0,True,810
llama3.2-1b,Q4_0,selected,6,810.0,810,810,1.0000,6251,49.24,59.36,78,none,0,True,810
llama3.2-1b,Q4_0,force_mmq,6,810.0,810,810,1.0000,6251,47.52,54.28,79,none,0,True,810
llama3.2-1b,Q4_0,cutoff7,6,810.0,810,810,1.0000,6251,49.26,58.18,78,none,0,True,810
llama3.2-1b,Q4_0,null_rebuild,6,810.0,810,810,1.0000,6251,49.25,58.20,78,none,0,True,810
llama3.2-1b,Q8_0,selected,6,810.0,810,810,1.0000,6251,53.42,63.97,78,none,0,True,810
llama3.2-1b,Q8_0,force_mmq,6,810.0,810,810,1.0000,6251,50.93,56.14,79,none,0,True,810
llama3.2-1b,Q8_0,cutoff7,6,810.0,810,810,1.0000,6251,53.29,62.63,78,none,0,True,810
llama3.2-1b,Q8_0,null_rebuild,6,810.0,810,810,1.0000,6251,53.14,63.49,78,none,0,True,810
