arch,gpu,sms,model,quant,force_mmq/selected_5,force_mmq/selected_6,force_mmq/selected_7,force_mmq/selected_8,force_mmq/selected_8_geomean_paired,ci95_lo,ci95_hi,rounds_won_at_8,null/selected_8_geomean_paired,first_ne11_beyond_noise_floor,noise_floor,first_ne11_beyond_paired_floor,paired_noise_floor,control_9_16_min,control_9_16_max,sm_mhz_mean,temp_c_max,table
sm60,P100-PCIE-16GB,56,llama3.1-8b,Q4_0,0.2207,0.2528,0.2850,0.3214,0.3214,0.3213,0.3215,0/6,1.0001,never,0.00034,never,0.00035,0.9985,1.0012,1328,78.0,sm60_P100-PCIE-16GB_llama3.1-8b_Q4_0.csv
sm60,P100-PCIE-16GB,56,llama3.1-8b,Q8_0,0.3408,0.3764,0.4117,0.4563,0.4565,0.4560,0.4572,0/6,0.9997,never,0.00119,never,0.00075,0.9978,1.0013,1327,79.0,sm60_P100-PCIE-16GB_llama3.1-8b_Q8_0.csv
sm60,P100-PCIE-16GB,56,llama3.2-3b,Q4_0,0.2261,0.2573,0.2880,0.3214,0.3215,0.3214,0.3216,0/6,0.9997,never,0.00078,never,0.00119,0.9966,1.0025,1328,76.0,sm60_P100-PCIE-16GB_llama3.2-3b_Q4_0.csv
sm60,P100-PCIE-16GB,56,llama3.2-3b,Q8_0,0.3297,0.3627,0.3936,0.4345,0.4347,0.4343,0.4351,0/6,0.9999,never,0.00097,never,0.00092,0.9944,1.0021,1328,77.0,sm60_P100-PCIE-16GB_llama3.2-3b_Q8_0.csv
sm60,P100-PCIE-16GB,56,llama3.2-1b,Q4_0,0.2593,0.2934,0.3259,0.3620,0.3622,0.3616,0.3629,0/6,1.0013,never,0.00080,never,0.00126,0.9996,1.0004,1328,74.0,sm60_P100-PCIE-16GB_llama3.2-1b_Q4_0.csv
sm60,P100-PCIE-16GB,56,llama3.2-1b,Q8_0,0.3774,0.4159,0.4481,0.4900,0.4898,0.4891,0.4905,0/6,0.9983,never,0.00180,never,0.00172,0.9987,1.0002,1328,74.0,sm60_P100-PCIE-16GB_llama3.2-1b_Q8_0.csv
sm75,T4,40,llama3.1-8b,Q4_0,1.0613,1.2264,1.3619,1.4853,1.4800,1.4662,1.4891,6/6,0.9946,5,0.00424,5,0.01058,0.9960,1.0026,1394,78.0,sm75_T4_llama3.1-8b_Q4_0.csv
sm75,T4,40,llama3.1-8b,Q8_0,0.9226,1.0254,1.1164,1.2237,1.2231,1.2197,1.2266,6/6,0.9981,6,0.00771,6,0.00262,0.9989,1.0030,1341,79.0,sm75_T4_llama3.1-8b_Q8_0.csv
sm75,T4,40,llama3.2-3b,Q4_0,0.9749,1.0978,1.2210,1.3126,1.3167,1.3063,1.3305,6/6,0.9997,6,0.01822,6,0.01334,0.9990,1.0044,1510,81.0,sm75_T4_llama3.2-3b_Q4_0.csv
sm75,T4,40,llama3.2-3b,Q8_0,0.9294,0.9401,0.9769,1.1146,1.1110,1.0953,1.1234,6/6,0.9987,8,0.01691,8,0.01462,0.9968,1.0026,1480,80.0,sm75_T4_llama3.2-3b_Q8_0.csv
sm75,T4,40,llama3.2-1b,Q4_0,0.9630,1.0861,1.1774,1.2950,1.2890,1.2721,1.3014,6/6,0.9916,6,0.02202,6,0.01823,0.9937,1.0048,1545,80.0,sm75_T4_llama3.2-1b_Q4_0.csv
sm75,T4,40,llama3.2-1b,Q8_0,0.8642,0.9432,1.0104,1.0740,1.0672,1.0390,1.0860,6/6,0.9860,never,0.09003,8,0.03028,0.9987,1.0175,1431,81.0,sm75_T4_llama3.2-1b_Q8_0.csv
sm80,A100-SXM4-40GB,108,llama3.1-8b,Q4_0,0.7021,0.7982,0.8528,0.9217,0.9224,0.9214,0.9233,0/6,1.0002,never,0.00377,never,0.00224,1.0000,1.0020,1404,52.0,sm80_A100-SXM4-40GB_llama3.1-8b_Q4_0.csv
sm80,A100-SXM4-40GB,108,llama3.1-8b,Q8_0,0.8522,0.9419,0.9619,0.9870,0.9878,0.9819,0.9935,0/6,1.0070,never,0.00677,never,0.00698,0.9985,1.0000,1400,55.0,sm80_A100-SXM4-40GB_llama3.1-8b_Q8_0.csv
sm80,A100-SXM4-40GB,108,llama3.2-3b,Q4_0,0.7153,0.7800,0.8172,0.8722,0.8722,0.8709,0.8737,0/6,1.0005,never,0.00117,never,0.00148,0.9994,1.0012,1410,48.0,sm80_A100-SXM4-40GB_llama3.2-3b_Q4_0.csv
sm80,A100-SXM4-40GB,108,llama3.2-3b,Q8_0,0.8392,0.9037,0.9169,0.9463,0.9458,0.9442,0.9471,0/6,1.0002,never,0.00324,never,0.00228,0.9977,1.0011,1410,51.0,sm80_A100-SXM4-40GB_llama3.2-3b_Q8_0.csv
sm80,A100-SXM4-40GB,108,llama3.2-1b,Q4_0,0.6891,0.7593,0.7886,0.8640,0.8652,0.8625,0.8681,0/6,1.0009,never,0.00798,never,0.00723,0.9979,1.0016,1410,46.0,sm80_A100-SXM4-40GB_llama3.2-1b_Q4_0.csv
sm80,A100-SXM4-40GB,108,llama3.2-1b,Q8_0,0.7644,0.8478,0.8754,0.8847,0.8861,0.8770,0.8960,0/6,0.9822,never,0.02484,never,0.01846,0.9980,1.0015,1410,47.0,sm80_A100-SXM4-40GB_llama3.2-1b_Q8_0.csv
sm86,RTX-3050-Laptop-4GB,16,llama3.2-3b,Q4_0,1.0096,1.1448,1.2907,1.4324,1.4871,1.0944,2.0978,5/6,1.0412,6,0.01258,6,0.20723,0.9973,1.0025,809,77.0,sm86_RTX-3050-Laptop-4GB_llama3.2-3b_Q4_0.csv
sm86,RTX-3050-Laptop-4GB,16,llama3.2-3b,Q8_0,1.0569,1.1968,1.3421,1.4843,1.7228,1.3239,2.6050,6/6,1.1607,5,0.00420,6,0.32243,0.9904,1.0010,802,78.0,sm86_RTX-3050-Laptop-4GB_llama3.2-3b_Q8_0.csv
sm86,RTX-3050-Laptop-4GB,16,llama3.2-1b,Q4_0,1.1191,1.2635,1.4249,1.5955,1.2696,0.8799,1.6006,5/6,0.8965,4,0.01937,7,0.10650,1.0034,1.0225,873,76.0,sm86_RTX-3050-Laptop-4GB_llama3.2-1b_Q4_0.csv
sm86,RTX-3050-Laptop-4GB,16,llama3.2-1b,Q8_0,1.1615,1.3074,1.4695,1.6067,1.5181,1.3562,1.6121,6/6,0.9190,4,0.03203,5,0.08121,1.0085,1.0260,826,76.0,sm86_RTX-3050-Laptop-4GB_llama3.2-1b_Q8_0.csv
sm89,L4,58,llama3.1-8b,Q4_0,0.8490,0.9324,1.0623,1.1605,1.1415,1.1065,1.1649,6/6,0.9866,7,0.00763,7,0.01933,0.9957,0.9985,1336,79.0,sm89_L4_llama3.1-8b_Q4_0.csv
sm89,L4,58,llama3.1-8b,Q8_0,0.9217,0.9379,1.0072,1.0760,1.0597,1.0242,1.0805,5/6,0.9845,7,0.00594,8,0.01547,0.9996,1.0007,1406,78.0,sm89_L4_llama3.1-8b_Q8_0.csv
sm89,L4,58,llama3.2-3b,Q4_0,0.8106,0.8233,0.8789,0.9381,0.9320,0.9195,0.9391,0/6,0.9853,never,0.00590,never,0.01466,0.9963,1.0059,1660,79.0,sm89_L4_llama3.2-3b_Q4_0.csv
sm89,L4,58,llama3.2-3b,Q8_0,0.9070,0.9123,0.9320,0.9451,0.9425,0.9365,0.9469,0/6,0.9908,never,0.00567,never,0.00922,0.9991,1.0039,1576,78.0,sm89_L4_llama3.2-3b_Q8_0.csv
sm89,L4,58,llama3.2-1b,Q4_0,0.7956,0.8118,0.8623,0.9269,0.9216,0.9076,0.9358,0/6,0.9803,never,0.01553,never,0.01972,0.9969,1.0068,1706,79.0,sm89_L4_llama3.2-1b_Q4_0.csv
sm89,L4,58,llama3.2-1b,Q8_0,0.8959,0.8929,0.9063,0.9157,0.9151,0.9124,0.9174,0/6,0.9963,never,0.00158,never,0.00479,0.9962,1.0009,1789,78.0,sm89_L4_llama3.2-1b_Q8_0.csv
