arch,gpu,round,order_in_round,binary,model,quant,wall_s,samples_1hz,sm_mhz_mean,sm_mhz_p10,sm_mhz_p50,temp_c_mean,temp_c_max,power_w_mean,finished_utc
sm60,Tesla P100-PCIE-16GB,0,0,selected,llama3.2-1b,Q4_0,12.93,13,1328.0,1328.0,1328.0,46.1,48.0,121.04,2026-09-02T04:29:50.848790+00:00
sm60,Tesla P100-PCIE-16GB,0,0,selected,llama3.2-1b,Q8_0,11.38,12,1328.0,1328.0,1328.0,49.7,51.0,124.05,2026-09-02T04:30:02.232897+00:00
sm60,Tesla P100-PCIE-16GB,0,0,selected,llama3.2-3b,Q4_0,30.68,30,1328.0,1328.0,1328.0,54.4,57.0,131.36,2026-09-02T04:30:32.917851+00:00
sm60,Tesla P100-PCIE-16GB,0,0,selected,llama3.2-3b,Q8_0,27.16,27,1328.0,1328.0,1328.0,59.9,62.0,143.44,2026-09-02T04:31:00.080788+00:00
sm60,Tesla P100-PCIE-16GB,0,0,selected,llama3.1-8b,Q4_0,64.63,63,1328.0,1328.0,1328.0,66.8,70.0,148.47,2026-09-02T04:32:04.716443+00:00
sm60,Tesla P100-PCIE-16GB,0,0,selected,llama3.1-8b,Q8_0,56.88,56,1327.6,1328.0,1328.0,73.2,75.0,165.76,2026-09-02T04:33:01.595861+00:00
sm60,Tesla P100-PCIE-16GB,0,1,force_mmq,llama3.2-1b,Q4_0,17.27,17,1328.0,1328.0,1328.0,71.9,72.0,130.76,2026-09-02T04:33:18.867068+00:00
sm60,Tesla P100-PCIE-16GB,0,1,force_mmq,llama3.2-1b,Q8_0,14.20,14,1328.0,1328.0,1328.0,71.9,73.0,145.46,2026-09-02T04:33:33.070976+00:00
sm60,Tesla P100-PCIE-16GB,0,1,force_mmq,llama3.2-3b,Q4_0,42.61,42,1328.0,1328.0,1328.0,72.8,74.0,135.99,2026-09-02T04:34:15.678619+00:00
sm60,Tesla P100-PCIE-16GB,0,1,force_mmq,llama3.2-3b,Q8_0,34.82,34,1328.0,1328.0,1328.0,73.5,74.0,148.24,2026-09-02T04:34:50.502518+00:00
sm60,Tesla P100-PCIE-16GB,0,1,force_mmq,llama3.1-8b,Q4_0,90.19,88,1328.0,1328.0,1328.0,73.1,74.0,145.73,2026-09-02T04:36:20.695753+00:00
sm60,Tesla P100-PCIE-16GB,0,1,force_mmq,llama3.1-8b,Q8_0,72.52,71,1328.0,1328.0,1328.0,73.2,74.0,156.38,2026-09-02T04:37:33.212802+00:00
sm60,Tesla P100-PCIE-16GB,0,2,null_rebuild,llama3.2-1b,Q4_0,12.85,13,1328.0,1328.0,1328.0,72.3,74.0,137.02,2026-09-02T04:37:46.060134+00:00
sm60,Tesla P100-PCIE-16GB,0,2,null_rebuild,llama3.2-1b,Q8_0,11.41,12,1328.0,1328.0,1328.0,72.2,73.0,139.67,2026-09-02T04:37:57.466508+00:00
sm60,Tesla P100-PCIE-16GB,0,2,null_rebuild,llama3.2-3b,Q4_0,30.73,30,1328.0,1328.0,1328.0,72.6,76.0,146.97,2026-09-02T04:38:28.194541+00:00
sm60,Tesla P100-PCIE-16GB,0,2,null_rebuild,llama3.2-3b,Q8_0,27.17,27,1328.0,1328.0,1328.0,73.3,76.0,155.08,2026-09-02T04:38:55.363080+00:00
sm60,Tesla P100-PCIE-16GB,0,2,null_rebuild,llama3.1-8b,Q4_0,64.57,63,1328.0,1328.0,1328.0,72.7,78.0,155.77,2026-09-02T04:39:59.936953+00:00
sm60,Tesla P100-PCIE-16GB,0,2,null_rebuild,llama3.1-8b,Q8_0,56.94,56,1327.1,1328.0,1328.0,73.6,78.0,164.49,2026-09-02T04:40:56.873754+00:00
sm60,Tesla P100-PCIE-16GB,1,0,force_mmq,llama3.2-1b,Q4_0,17.26,17,1328.0,1328.0,1328.0,71.5,72.0,130.96,2026-09-02T04:41:14.134236+00:00
sm60,Tesla P100-PCIE-16GB,1,0,force_mmq,llama3.2-1b,Q8_0,14.20,14,1328.0,1328.0,1328.0,71.9,73.0,145.27,2026-09-02T04:41:28.332081+00:00
sm60,Tesla P100-PCIE-16GB,1,0,force_mmq,llama3.2-3b,Q4_0,42.61,42,1328.0,1328.0,1328.0,73.0,74.0,137.90,2026-09-02T04:42:10.942860+00:00
sm60,Tesla P100-PCIE-16GB,1,0,force_mmq,llama3.2-3b,Q8_0,34.80,34,1328.0,1328.0,1328.0,73.5,75.0,148.19,2026-09-02T04:42:45.746441+00:00
sm60,Tesla P100-PCIE-16GB,1,0,force_mmq,llama3.1-8b,Q4_0,90.18,88,1328.0,1328.0,1328.0,73.1,74.0,145.98,2026-09-02T04:44:15.923639+00:00
sm60,Tesla P100-PCIE-16GB,1,0,force_mmq,llama3.1-8b,Q8_0,72.49,71,1328.0,1328.0,1328.0,73.2,74.0,154.79,2026-09-02T04:45:28.419971+00:00
sm60,Tesla P100-PCIE-16GB,1,1,null_rebuild,llama3.2-1b,Q4_0,12.84,13,1328.0,1328.0,1328.0,71.8,73.0,139.50,2026-09-02T04:45:41.257367+00:00
sm60,Tesla P100-PCIE-16GB,1,1,null_rebuild,llama3.2-1b,Q8_0,11.42,12,1328.0,1328.0,1328.0,72.1,73.0,138.97,2026-09-02T04:45:52.674303+00:00
sm60,Tesla P100-PCIE-16GB,1,1,null_rebuild,llama3.2-3b,Q4_0,30.66,30,1328.0,1328.0,1328.0,72.8,76.0,146.98,2026-09-02T04:46:23.331018+00:00
sm60,Tesla P100-PCIE-16GB,1,1,null_rebuild,llama3.2-3b,Q8_0,27.17,27,1328.0,1328.0,1328.0,73.4,77.0,155.12,2026-09-02T04:46:50.498860+00:00
sm60,Tesla P100-PCIE-16GB,1,1,null_rebuild,llama3.1-8b,Q4_0,64.58,63,1328.0,1328.0,1328.0,72.7,77.0,155.28,2026-09-02T04:47:55.076846+00:00
sm60,Tesla P100-PCIE-16GB,1,1,null_rebuild,llama3.1-8b,Q8_0,56.97,56,1326.9,1328.0,1328.0,73.6,78.0,163.69,2026-09-02T04:48:52.043724+00:00
sm60,Tesla P100-PCIE-16GB,1,2,selected,llama3.2-1b,Q4_0,12.86,13,1328.0,1328.0,1328.0,72.2,74.0,135.00,2026-09-02T04:49:04.901755+00:00
sm60,Tesla P100-PCIE-16GB,1,2,selected,llama3.2-1b,Q8_0,11.40,12,1328.0,1328.0,1328.0,72.0,73.0,136.87,2026-09-02T04:49:16.303550+00:00
sm60,Tesla P100-PCIE-16GB,1,2,selected,llama3.2-3b,Q4_0,30.67,30,1328.0,1328.0,1328.0,72.9,76.0,146.93,2026-09-02T04:49:46.975997+00:00
sm60,Tesla P100-PCIE-16GB,1,2,selected,llama3.2-3b,Q8_0,27.17,27,1328.0,1328.0,1328.0,73.4,77.0,155.13,2026-09-02T04:50:14.145584+00:00
sm60,Tesla P100-PCIE-16GB,1,2,selected,llama3.1-8b,Q4_0,64.61,63,1328.0,1328.0,1328.0,72.7,78.0,155.09,2026-09-02T04:51:18.761632+00:00
sm60,Tesla P100-PCIE-16GB,1,2,selected,llama3.1-8b,Q8_0,56.88,56,1326.9,1328.0,1328.0,73.6,78.0,164.52,2026-09-02T04:52:15.644669+00:00
sm60,Tesla P100-PCIE-16GB,2,0,null_rebuild,llama3.2-1b,Q4_0,12.83,13,1328.0,1328.0,1328.0,72.2,74.0,135.96,2026-09-02T04:52:28.479616+00:00
sm60,Tesla P100-PCIE-16GB,2,0,null_rebuild,llama3.2-1b,Q8_0,11.41,12,1328.0,1328.0,1328.0,72.2,73.0,141.44,2026-09-02T04:52:39.893212+00:00
sm60,Tesla P100-PCIE-16GB,2,0,null_rebuild,llama3.2-3b,Q4_0,30.69,30,1328.0,1328.0,1328.0,72.9,76.0,147.29,2026-09-02T04:53:10.587410+00:00
sm60,Tesla P100-PCIE-16GB,2,0,null_rebuild,llama3.2-3b,Q8_0,27.19,27,1328.0,1328.0,1328.0,73.5,77.0,158.79,2026-09-02T04:53:37.781605+00:00
sm60,Tesla P100-PCIE-16GB,2,0,null_rebuild,llama3.1-8b,Q4_0,64.57,63,1328.0,1328.0,1328.0,72.7,77.0,155.10,2026-09-02T04:54:42.351598+00:00
sm60,Tesla P100-PCIE-16GB,2,0,null_rebuild,llama3.1-8b,Q8_0,56.87,56,1326.9,1328.0,1328.0,73.6,79.0,165.06,2026-09-02T04:55:39.227028+00:00
sm60,Tesla P100-PCIE-16GB,2,1,selected,llama3.2-1b,Q4_0,12.83,13,1328.0,1328.0,1328.0,72.2,74.0,139.77,2026-09-02T04:55:52.061846+00:00
sm60,Tesla P100-PCIE-16GB,2,1,selected,llama3.2-1b,Q8_0,11.36,12,1328.0,1328.0,1328.0,72.2,73.0,142.59,2026-09-02T04:56:03.423145+00:00
sm60,Tesla P100-PCIE-16GB,2,1,selected,llama3.2-3b,Q4_0,30.67,30,1328.0,1328.0,1328.0,72.7,76.0,146.89,2026-09-02T04:56:34.097629+00:00
sm60,Tesla P100-PCIE-16GB,2,1,selected,llama3.2-3b,Q8_0,27.13,27,1328.0,1328.0,1328.0,73.4,76.0,155.46,2026-09-02T04:57:01.234134+00:00
sm60,Tesla P100-PCIE-16GB,2,1,selected,llama3.1-8b,Q4_0,64.56,63,1328.0,1328.0,1328.0,72.8,78.0,155.96,2026-09-02T04:58:05.795850+00:00
sm60,Tesla P100-PCIE-16GB,2,1,selected,llama3.1-8b,Q8_0,56.87,56,1326.9,1328.0,1328.0,73.5,78.0,163.48,2026-09-02T04:59:02.669855+00:00
sm60,Tesla P100-PCIE-16GB,2,2,force_mmq,llama3.2-1b,Q4_0,17.26,17,1328.0,1328.0,1328.0,71.3,72.0,131.09,2026-09-02T04:59:19.926716+00:00
sm60,Tesla P100-PCIE-16GB,2,2,force_mmq,llama3.2-1b,Q8_0,14.17,14,1328.0,1328.0,1328.0,71.8,73.0,145.90,2026-09-02T04:59:34.101438+00:00
sm60,Tesla P100-PCIE-16GB,2,2,force_mmq,llama3.2-3b,Q4_0,42.58,42,1328.0,1328.0,1328.0,72.9,74.0,138.20,2026-09-02T05:00:16.678116+00:00
sm60,Tesla P100-PCIE-16GB,2,2,force_mmq,llama3.2-3b,Q8_0,34.79,34,1328.0,1328.0,1328.0,73.5,75.0,147.95,2026-09-02T05:00:51.474030+00:00
sm60,Tesla P100-PCIE-16GB,2,2,force_mmq,llama3.1-8b,Q4_0,90.19,88,1328.0,1328.0,1328.0,73.1,74.0,145.51,2026-09-02T05:02:21.664563+00:00
sm60,Tesla P100-PCIE-16GB,2,2,force_mmq,llama3.1-8b,Q8_0,72.52,71,1328.0,1328.0,1328.0,73.2,74.0,156.16,2026-09-02T05:03:34.182510+00:00
sm60,Tesla P100-PCIE-16GB,3,0,selected,llama3.2-1b,Q4_0,12.86,13,1328.0,1328.0,1328.0,72.2,74.0,135.51,2026-09-02T05:03:47.048845+00:00
sm60,Tesla P100-PCIE-16GB,3,0,selected,llama3.2-1b,Q8_0,11.37,12,1328.0,1328.0,1328.0,72.5,73.0,143.91,2026-09-02T05:03:58.424395+00:00
sm60,Tesla P100-PCIE-16GB,3,0,selected,llama3.2-3b,Q4_0,30.65,30,1328.0,1328.0,1328.0,72.7,76.0,146.71,2026-09-02T05:04:29.080304+00:00
sm60,Tesla P100-PCIE-16GB,3,0,selected,llama3.2-3b,Q8_0,27.16,27,1328.0,1328.0,1328.0,73.4,77.0,155.12,2026-09-02T05:04:56.241012+00:00
sm60,Tesla P100-PCIE-16GB,3,0,selected,llama3.1-8b,Q4_0,64.54,63,1328.0,1328.0,1328.0,72.6,77.0,154.87,2026-09-02T05:06:00.778043+00:00
sm60,Tesla P100-PCIE-16GB,3,0,selected,llama3.1-8b,Q8_0,56.89,56,1327.1,1328.0,1328.0,73.4,78.0,163.04,2026-09-02T05:06:57.669668+00:00
sm60,Tesla P100-PCIE-16GB,3,1,force_mmq,llama3.2-1b,Q4_0,17.25,17,1328.0,1328.0,1328.0,71.8,72.0,132.31,2026-09-02T05:07:14.925877+00:00
sm60,Tesla P100-PCIE-16GB,3,1,force_mmq,llama3.2-1b,Q8_0,14.19,14,1328.0,1328.0,1328.0,71.9,73.0,143.04,2026-09-02T05:07:29.117423+00:00
sm60,Tesla P100-PCIE-16GB,3,1,force_mmq,llama3.2-3b,Q4_0,42.59,42,1328.0,1328.0,1328.0,73.0,74.0,137.76,2026-09-02T05:08:11.707494+00:00
sm60,Tesla P100-PCIE-16GB,3,1,force_mmq,llama3.2-3b,Q8_0,34.78,34,1328.0,1328.0,1328.0,73.4,74.0,147.71,2026-09-02T05:08:46.487331+00:00
sm60,Tesla P100-PCIE-16GB,3,1,force_mmq,llama3.1-8b,Q4_0,90.14,88,1328.0,1328.0,1328.0,73.1,74.0,144.29,2026-09-02T05:10:16.631605+00:00
sm60,Tesla P100-PCIE-16GB,3,1,force_mmq,llama3.1-8b,Q8_0,72.46,71,1328.0,1328.0,1328.0,73.3,74.0,157.60,2026-09-02T05:11:29.093016+00:00
sm60,Tesla P100-PCIE-16GB,3,2,null_rebuild,llama3.2-1b,Q4_0,12.85,13,1328.0,1328.0,1328.0,71.8,73.0,136.69,2026-09-02T05:11:41.948570+00:00
sm60,Tesla P100-PCIE-16GB,3,2,null_rebuild,llama3.2-1b,Q8_0,11.36,12,1328.0,1328.0,1328.0,71.7,73.0,142.82,2026-09-02T05:11:53.310639+00:00
sm60,Tesla P100-PCIE-16GB,3,2,null_rebuild,llama3.2-3b,Q4_0,30.66,30,1328.0,1328.0,1328.0,73.0,76.0,146.42,2026-09-02T05:12:23.970588+00:00
sm60,Tesla P100-PCIE-16GB,3,2,null_rebuild,llama3.2-3b,Q8_0,27.17,27,1328.0,1328.0,1328.0,73.4,77.0,154.16,2026-09-02T05:12:51.146880+00:00
sm60,Tesla P100-PCIE-16GB,3,2,null_rebuild,llama3.1-8b,Q4_0,64.55,63,1328.0,1328.0,1328.0,72.7,77.0,156.14,2026-09-02T05:13:55.702067+00:00
sm60,Tesla P100-PCIE-16GB,3,2,null_rebuild,llama3.1-8b,Q8_0,56.84,56,1326.9,1328.0,1328.0,73.4,78.0,166.69,2026-09-02T05:14:52.547347+00:00
sm60,Tesla P100-PCIE-16GB,4,0,force_mmq,llama3.2-1b,Q4_0,17.23,17,1328.0,1328.0,1328.0,71.4,72.0,129.85,2026-09-02T05:15:09.778472+00:00
sm60,Tesla P100-PCIE-16GB,4,0,force_mmq,llama3.2-1b,Q8_0,14.18,14,1328.0,1328.0,1328.0,71.8,73.0,143.82,2026-09-02T05:15:23.957855+00:00
sm60,Tesla P100-PCIE-16GB,4,0,force_mmq,llama3.2-3b,Q4_0,42.58,42,1328.0,1328.0,1328.0,73.0,74.0,138.09,2026-09-02T05:16:06.538555+00:00
sm60,Tesla P100-PCIE-16GB,4,0,force_mmq,llama3.2-3b,Q8_0,34.79,34,1328.0,1328.0,1328.0,73.5,74.0,148.35,2026-09-02T05:16:41.328352+00:00
sm60,Tesla P100-PCIE-16GB,4,0,force_mmq,llama3.1-8b,Q4_0,90.14,88,1328.0,1328.0,1328.0,73.2,74.0,144.87,2026-09-02T05:18:11.469784+00:00
sm60,Tesla P100-PCIE-16GB,4,0,force_mmq,llama3.1-8b,Q8_0,72.48,71,1328.0,1328.0,1328.0,73.2,74.0,157.04,2026-09-02T05:19:23.955498+00:00
sm60,Tesla P100-PCIE-16GB,4,1,null_rebuild,llama3.2-1b,Q4_0,12.84,13,1328.0,1328.0,1328.0,72.2,74.0,137.97,2026-09-02T05:19:36.799267+00:00
sm60,Tesla P100-PCIE-16GB,4,1,null_rebuild,llama3.2-1b,Q8_0,11.39,12,1328.0,1328.0,1328.0,72.7,74.0,142.35,2026-09-02T05:19:48.186057+00:00
sm60,Tesla P100-PCIE-16GB,4,1,null_rebuild,llama3.2-3b,Q4_0,30.69,30,1328.0,1328.0,1328.0,72.7,76.0,147.22,2026-09-02T05:20:18.874350+00:00
sm60,Tesla P100-PCIE-16GB,4,1,null_rebuild,llama3.2-3b,Q8_0,27.10,27,1328.0,1328.0,1328.0,73.5,77.0,156.41,2026-09-02T05:20:45.977041+00:00
sm60,Tesla P100-PCIE-16GB,4,1,null_rebuild,llama3.1-8b,Q4_0,64.57,63,1328.0,1328.0,1328.0,72.7,78.0,155.83,2026-09-02T05:21:50.545437+00:00
sm60,Tesla P100-PCIE-16GB,4,1,null_rebuild,llama3.1-8b,Q8_0,56.85,56,1326.9,1328.0,1328.0,73.6,78.0,166.01,2026-09-02T05:22:47.395680+00:00
sm60,Tesla P100-PCIE-16GB,4,2,selected,llama3.2-1b,Q4_0,12.82,13,1328.0,1328.0,1328.0,72.2,74.0,137.29,2026-09-02T05:23:00.217549+00:00
sm60,Tesla P100-PCIE-16GB,4,2,selected,llama3.2-1b,Q8_0,11.43,12,1328.0,1328.0,1328.0,72.1,73.0,134.00,2026-09-02T05:23:11.644370+00:00
sm60,Tesla P100-PCIE-16GB,4,2,selected,llama3.2-3b,Q4_0,30.66,30,1328.0,1328.0,1328.0,72.7,76.0,146.64,2026-09-02T05:23:42.301770+00:00
sm60,Tesla P100-PCIE-16GB,4,2,selected,llama3.2-3b,Q8_0,27.15,27,1328.0,1328.0,1328.0,73.5,77.0,154.08,2026-09-02T05:24:09.458267+00:00
sm60,Tesla P100-PCIE-16GB,4,2,selected,llama3.1-8b,Q4_0,64.55,63,1328.0,1328.0,1328.0,72.7,78.0,155.79,2026-09-02T05:25:14.014396+00:00
sm60,Tesla P100-PCIE-16GB,4,2,selected,llama3.1-8b,Q8_0,56.86,56,1327.4,1328.0,1328.0,73.5,78.0,165.72,2026-09-02T05:26:10.876238+00:00
sm60,Tesla P100-PCIE-16GB,5,0,null_rebuild,llama3.2-1b,Q4_0,12.81,13,1328.0,1328.0,1328.0,72.2,74.0,140.52,2026-09-02T05:26:23.688594+00:00
sm60,Tesla P100-PCIE-16GB,5,0,null_rebuild,llama3.2-1b,Q8_0,11.38,12,1328.0,1328.0,1328.0,71.9,73.0,140.96,2026-09-02T05:26:35.065486+00:00
sm60,Tesla P100-PCIE-16GB,5,0,null_rebuild,llama3.2-3b,Q4_0,30.63,30,1328.0,1328.0,1328.0,72.7,76.0,146.65,2026-09-02T05:27:05.696043+00:00
sm60,Tesla P100-PCIE-16GB,5,0,null_rebuild,llama3.2-3b,Q8_0,27.16,27,1328.0,1328.0,1328.0,73.5,77.0,155.59,2026-09-02T05:27:32.853074+00:00
sm60,Tesla P100-PCIE-16GB,5,0,null_rebuild,llama3.1-8b,Q4_0,64.57,63,1328.0,1328.0,1328.0,72.8,78.0,156.15,2026-09-02T05:28:37.422571+00:00
sm60,Tesla P100-PCIE-16GB,5,0,null_rebuild,llama3.1-8b,Q8_0,56.86,56,1327.1,1328.0,1328.0,73.5,78.0,166.67,2026-09-02T05:29:34.285442+00:00
sm60,Tesla P100-PCIE-16GB,5,1,selected,llama3.2-1b,Q4_0,12.82,13,1328.0,1328.0,1328.0,72.2,74.0,141.51,2026-09-02T05:29:47.104546+00:00
sm60,Tesla P100-PCIE-16GB,5,1,selected,llama3.2-1b,Q8_0,11.37,12,1328.0,1328.0,1328.0,72.2,73.0,142.40,2026-09-02T05:29:58.470987+00:00
sm60,Tesla P100-PCIE-16GB,5,1,selected,llama3.2-3b,Q4_0,30.67,30,1328.0,1328.0,1328.0,72.7,76.0,146.71,2026-09-02T05:30:29.138732+00:00
sm60,Tesla P100-PCIE-16GB,5,1,selected,llama3.2-3b,Q8_0,27.18,27,1328.0,1328.0,1328.0,73.5,77.0,155.12,2026-09-02T05:30:56.317499+00:00
sm60,Tesla P100-PCIE-16GB,5,1,selected,llama3.1-8b,Q4_0,64.55,63,1328.0,1328.0,1328.0,72.7,77.0,156.34,2026-09-02T05:32:00.868804+00:00
sm60,Tesla P100-PCIE-16GB,5,1,selected,llama3.1-8b,Q8_0,56.85,56,1326.9,1328.0,1328.0,73.4,78.0,167.22,2026-09-02T05:32:57.716040+00:00
sm60,Tesla P100-PCIE-16GB,5,2,force_mmq,llama3.2-1b,Q4_0,17.24,17,1328.0,1328.0,1328.0,72.0,72.0,132.23,2026-09-02T05:33:14.961345+00:00
sm60,Tesla P100-PCIE-16GB,5,2,force_mmq,llama3.2-1b,Q8_0,14.16,14,1328.0,1328.0,1328.0,71.9,73.0,146.65,2026-09-02T05:33:29.126485+00:00
sm60,Tesla P100-PCIE-16GB,5,2,force_mmq,llama3.2-3b,Q4_0,42.56,42,1328.0,1328.0,1328.0,73.0,74.0,137.96,2026-09-02T05:34:11.688606+00:00
sm60,Tesla P100-PCIE-16GB,5,2,force_mmq,llama3.2-3b,Q8_0,34.79,34,1328.0,1328.0,1328.0,73.4,74.0,147.00,2026-09-02T05:34:46.484353+00:00
sm60,Tesla P100-PCIE-16GB,5,2,force_mmq,llama3.1-8b,Q4_0,90.11,88,1328.0,1328.0,1328.0,73.1,74.0,145.06,2026-09-02T05:36:16.599013+00:00
sm60,Tesla P100-PCIE-16GB,5,2,force_mmq,llama3.1-8b,Q8_0,72.45,71,1328.0,1328.0,1328.0,73.3,74.0,156.83,2026-09-02T05:37:29.051977+00:00
sm75,Tesla T4,0,0,selected,llama3.2-1b,Q4_0,5.46,6,1415.0,1230.0,1560.0,55.8,57.0,46.98,2026-09-02T05:07:31.009766+00:00
sm75,Tesla T4,0,0,selected,llama3.2-1b,Q8_0,6.63,7,1397.1,915.0,1590.0,57.9,59.0,47.03,2026-09-02T05:07:37.647230+00:00
sm75,Tesla T4,0,0,selected,llama3.2-3b,Q4_0,9.93,10,1513.5,1410.0,1575.0,61.3,64.0,58.84,2026-09-02T05:07:47.575578+00:00
sm75,Tesla T4,0,0,selected,llama3.2-3b,Q8_0,13.06,13,1505.8,1215.0,1560.0,65.2,68.0,56.39,2026-09-02T05:08:00.641930+00:00
sm75,Tesla T4,0,0,selected,llama3.1-8b,Q4_0,18.61,18,1427.5,1305.0,1425.0,69.9,73.0,65.35,2026-09-02T05:08:19.251952+00:00
sm75,Tesla T4,0,0,selected,llama3.1-8b,Q8_0,25.92,25,1331.4,1035.0,1365.0,75.2,79.0,61.23,2026-09-02T05:08:45.176967+00:00
sm75,Tesla T4,0,1,force_mmq,llama3.2-1b,Q4_0,5.48,6,1582.5,1575.0,1590.0,79.0,80.0,52.69,2026-09-02T05:08:50.661179+00:00
sm75,Tesla T4,0,1,force_mmq,llama3.2-1b,Q8_0,6.82,7,1508.6,1080.0,1590.0,79.9,81.0,56.06,2026-09-02T05:08:57.486793+00:00
sm75,Tesla T4,0,1,force_mmq,llama3.2-3b,Q4_0,10.18,10,1500.0,1410.0,1530.0,80.4,81.0,64.12,2026-09-02T05:09:07.670945+00:00
sm75,Tesla T4,0,1,force_mmq,llama3.2-3b,Q8_0,13.64,13,1517.3,1425.0,1575.0,78.5,80.0,61.33,2026-09-02T05:09:21.307760+00:00
sm75,Tesla T4,0,1,force_mmq,llama3.1-8b,Q4_0,18.36,18,1426.7,1245.0,1455.0,75.9,77.0,55.46,2026-09-02T05:09:39.668045+00:00
sm75,Tesla T4,0,1,force_mmq,llama3.1-8b,Q8_0,26.27,25,1376.4,1245.0,1425.0,76.0,79.0,61.43,2026-09-02T05:10:05.942853+00:00
sm75,Tesla T4,0,2,null_rebuild,llama3.2-1b,Q4_0,5.44,6,1555.0,1425.0,1590.0,78.8,80.0,51.19,2026-09-02T05:10:11.427432+00:00
sm75,Tesla T4,0,2,null_rebuild,llama3.2-1b,Q8_0,6.70,7,1476.4,1020.0,1590.0,78.7,79.0,49.63,2026-09-02T05:10:18.128039+00:00
sm75,Tesla T4,0,2,null_rebuild,llama3.2-3b,Q4_0,10.16,10,1464.0,1365.0,1485.0,77.6,78.0,59.54,2026-09-02T05:10:28.290163+00:00
sm75,Tesla T4,0,2,null_rebuild,llama3.2-3b,Q8_0,13.29,13,1460.8,1245.0,1470.0,76.9,78.0,62.01,2026-09-02T05:10:41.583695+00:00
sm75,Tesla T4,0,2,null_rebuild,llama3.1-8b,Q4_0,19.03,18,1391.7,1305.0,1380.0,76.6,77.0,59.04,2026-09-02T05:11:00.619908+00:00
sm75,Tesla T4,0,2,null_rebuild,llama3.1-8b,Q8_0,26.07,25,1354.2,1215.0,1380.0,77.0,79.0,62.67,2026-09-02T05:11:26.689518+00:00
sm75,Tesla T4,1,0,force_mmq,llama3.2-1b,Q4_0,5.32,6,1577.5,1545.0,1590.0,77.8,78.0,47.83,2026-09-02T05:11:32.085439+00:00
sm75,Tesla T4,1,0,force_mmq,llama3.2-1b,Q8_0,6.90,7,1390.7,840.0,1560.0,77.0,78.0,50.04,2026-09-02T05:11:38.989837+00:00
sm75,Tesla T4,1,0,force_mmq,llama3.2-3b,Q4_0,10.09,10,1564.5,1545.0,1575.0,77.3,78.0,60.08,2026-09-02T05:11:49.082529+00:00
sm75,Tesla T4,1,0,force_mmq,llama3.2-3b,Q8_0,13.65,13,1506.9,1395.0,1560.0,77.0,78.0,61.43,2026-09-02T05:12:02.731422+00:00
sm75,Tesla T4,1,0,force_mmq,llama3.1-8b,Q4_0,18.47,18,1440.0,1290.0,1440.0,76.7,77.0,56.09,2026-09-02T05:12:21.199036+00:00
sm75,Tesla T4,1,0,force_mmq,llama3.1-8b,Q8_0,26.28,25,1360.8,1260.0,1395.0,76.8,78.0,59.44,2026-09-02T05:12:47.480368+00:00
sm75,Tesla T4,1,1,null_rebuild,llama3.2-1b,Q4_0,5.47,6,1525.0,1335.0,1590.0,77.7,78.0,52.88,2026-09-02T05:12:52.996303+00:00
sm75,Tesla T4,1,1,null_rebuild,llama3.2-1b,Q8_0,6.76,7,1347.9,915.0,1410.0,76.6,77.0,53.30,2026-09-02T05:12:59.757919+00:00
sm75,Tesla T4,1,1,null_rebuild,llama3.2-3b,Q4_0,10.16,10,1497.0,1395.0,1545.0,77.1,78.0,55.63,2026-09-02T05:13:09.914635+00:00
sm75,Tesla T4,1,1,null_rebuild,llama3.2-3b,Q8_0,13.22,13,1440.0,1200.0,1500.0,77.5,78.0,61.77,2026-09-02T05:13:23.135063+00:00
sm75,Tesla T4,1,1,null_rebuild,llama3.1-8b,Q4_0,19.10,18,1354.2,1215.0,1350.0,77.3,78.0,56.29,2026-09-02T05:13:42.238384+00:00
sm75,Tesla T4,1,1,null_rebuild,llama3.1-8b,Q8_0,26.02,25,1374.0,1215.0,1335.0,76.9,78.0,59.30,2026-09-02T05:14:08.257052+00:00
sm75,Tesla T4,1,2,selected,llama3.2-1b,Q4_0,5.32,5,1542.0,1440.0,1575.0,76.8,77.0,50.70,2026-09-02T05:14:13.583182+00:00
sm75,Tesla T4,1,2,selected,llama3.2-1b,Q8_0,6.64,7,1510.7,1230.0,1590.0,76.6,77.0,48.19,2026-09-02T05:14:20.226711+00:00
sm75,Tesla T4,1,2,selected,llama3.2-3b,Q4_0,10.13,10,1494.0,1395.0,1530.0,77.0,78.0,58.10,2026-09-02T05:14:30.362021+00:00
sm75,Tesla T4,1,2,selected,llama3.2-3b,Q8_0,13.23,13,1458.5,1350.0,1485.0,77.4,78.0,57.77,2026-09-02T05:14:43.590277+00:00
sm75,Tesla T4,1,2,selected,llama3.1-8b,Q4_0,19.07,18,1408.3,1275.0,1410.0,77.6,78.0,59.53,2026-09-02T05:15:02.664654+00:00
sm75,Tesla T4,1,2,selected,llama3.1-8b,Q8_0,26.01,25,1249.2,975.0,1260.0,76.6,78.0,58.53,2026-09-02T05:15:28.676919+00:00
sm75,Tesla T4,2,0,null_rebuild,llama3.2-1b,Q4_0,5.36,5,1542.0,1470.0,1590.0,77.0,78.0,50.03,2026-09-02T05:15:34.034302+00:00
sm75,Tesla T4,2,0,null_rebuild,llama3.2-1b,Q8_0,6.68,7,1491.4,1125.0,1590.0,76.7,77.0,49.19,2026-09-02T05:15:40.715823+00:00
sm75,Tesla T4,2,0,null_rebuild,llama3.2-3b,Q4_0,10.10,10,1501.5,1425.0,1515.0,77.2,78.0,58.13,2026-09-02T05:15:50.814549+00:00
sm75,Tesla T4,2,0,null_rebuild,llama3.2-3b,Q8_0,13.21,13,1443.5,1290.0,1425.0,77.5,78.0,64.12,2026-09-02T05:16:04.030618+00:00
sm75,Tesla T4,2,0,null_rebuild,llama3.1-8b,Q4_0,18.93,18,1385.8,1185.0,1380.0,77.3,78.0,59.64,2026-09-02T05:16:22.962020+00:00
sm75,Tesla T4,2,0,null_rebuild,llama3.1-8b,Q8_0,25.94,25,1307.4,915.0,1320.0,76.6,78.0,60.65,2026-09-02T05:16:48.901665+00:00
sm75,Tesla T4,2,1,selected,llama3.2-1b,Q4_0,5.34,5,1551.0,1470.0,1590.0,77.6,78.0,52.33,2026-09-02T05:16:54.248163+00:00
sm75,Tesla T4,2,1,selected,llama3.2-1b,Q8_0,6.77,7,1365.0,840.0,1515.0,76.7,77.0,55.07,2026-09-02T05:17:01.015845+00:00
sm75,Tesla T4,2,1,selected,llama3.2-3b,Q4_0,10.15,10,1513.5,1440.0,1545.0,77.1,78.0,62.10,2026-09-02T05:17:11.165374+00:00
sm75,Tesla T4,2,1,selected,llama3.2-3b,Q8_0,13.24,13,1470.0,1365.0,1515.0,77.6,78.0,58.34,2026-09-02T05:17:24.410637+00:00
sm75,Tesla T4,2,1,selected,llama3.1-8b,Q4_0,19.00,18,1374.2,1185.0,1410.0,77.1,78.0,62.98,2026-09-02T05:17:43.412663+00:00
sm75,Tesla T4,2,1,selected,llama3.1-8b,Q8_0,26.02,25,1312.2,1035.0,1350.0,76.5,78.0,58.46,2026-09-02T05:18:09.434668+00:00
sm75,Tesla T4,2,2,force_mmq,llama3.2-1b,Q4_0,5.38,6,1567.5,1485.0,1590.0,76.8,77.0,49.51,2026-09-02T05:18:14.871901+00:00
sm75,Tesla T4,2,2,force_mmq,llama3.2-1b,Q8_0,6.91,7,1382.1,840.0,1590.0,76.1,77.0,54.99,2026-09-02T05:18:21.783128+00:00
sm75,Tesla T4,2,2,force_mmq,llama3.2-3b,Q4_0,10.15,10,1507.5,1440.0,1515.0,77.1,78.0,60.45,2026-09-02T05:18:31.932007+00:00
sm75,Tesla T4,2,2,force_mmq,llama3.2-3b,Q8_0,13.67,13,1540.4,1455.0,1575.0,77.8,78.0,61.69,2026-09-02T05:18:45.601306+00:00
sm75,Tesla T4,2,2,force_mmq,llama3.1-8b,Q4_0,18.47,18,1409.2,1260.0,1410.0,76.9,77.0,58.20,2026-09-02T05:19:04.071351+00:00
sm75,Tesla T4,2,2,force_mmq,llama3.1-8b,Q8_0,26.17,25,1389.6,1260.0,1425.0,76.7,78.0,58.26,2026-09-02T05:19:30.247622+00:00
sm75,Tesla T4,3,0,selected,llama3.2-1b,Q4_0,5.31,5,1551.0,1470.0,1590.0,77.2,78.0,52.32,2026-09-02T05:19:35.556167+00:00
sm75,Tesla T4,3,0,selected,llama3.2-1b,Q8_0,6.76,7,1369.3,810.0,1575.0,76.7,77.0,53.65,2026-09-02T05:19:42.316248+00:00
sm75,Tesla T4,3,0,selected,llama3.2-3b,Q4_0,10.11,10,1485.0,1395.0,1500.0,77.3,78.0,61.24,2026-09-02T05:19:52.431080+00:00
sm75,Tesla T4,3,0,selected,llama3.2-3b,Q8_0,13.29,13,1435.4,1230.0,1440.0,77.5,78.0,51.80,2026-09-02T05:20:05.721008+00:00
sm75,Tesla T4,3,0,selected,llama3.1-8b,Q4_0,19.06,18,1400.8,1275.0,1380.0,77.6,78.0,62.57,2026-09-02T05:20:24.784058+00:00
sm75,Tesla T4,3,0,selected,llama3.1-8b,Q8_0,25.96,25,1333.2,1155.0,1365.0,76.8,78.0,61.65,2026-09-02T05:20:50.748906+00:00
sm75,Tesla T4,3,1,force_mmq,llama3.2-1b,Q4_0,5.37,6,1532.5,1485.0,1575.0,76.5,77.0,48.35,2026-09-02T05:20:56.176817+00:00
sm75,Tesla T4,3,1,force_mmq,llama3.2-1b,Q8_0,6.88,7,1410.0,915.0,1590.0,76.1,77.0,51.41,2026-09-02T05:21:03.060233+00:00
sm75,Tesla T4,3,1,force_mmq,llama3.2-3b,Q4_0,10.15,10,1534.5,1470.0,1545.0,77.0,78.0,60.29,2026-09-02T05:21:13.215520+00:00
sm75,Tesla T4,3,1,force_mmq,llama3.2-3b,Q8_0,13.65,13,1528.8,1455.0,1560.0,77.2,78.0,57.30,2026-09-02T05:21:26.866608+00:00
sm75,Tesla T4,3,1,force_mmq,llama3.1-8b,Q4_0,18.48,18,1382.5,1275.0,1350.0,77.2,78.0,55.18,2026-09-02T05:21:45.347597+00:00
sm75,Tesla T4,3,1,force_mmq,llama3.1-8b,Q8_0,26.23,25,1387.2,1200.0,1425.0,76.6,78.0,60.55,2026-09-02T05:22:11.579025+00:00
sm75,Tesla T4,3,2,null_rebuild,llama3.2-1b,Q4_0,5.34,5,1542.0,1440.0,1575.0,76.8,77.0,53.78,2026-09-02T05:22:16.925391+00:00
sm75,Tesla T4,3,2,null_rebuild,llama3.2-1b,Q8_0,6.63,7,1510.7,1245.0,1590.0,76.7,77.0,51.49,2026-09-02T05:22:23.555233+00:00
sm75,Tesla T4,3,2,null_rebuild,llama3.2-3b,Q4_0,10.18,10,1509.0,1410.0,1545.0,77.0,78.0,61.35,2026-09-02T05:22:33.734157+00:00
sm75,Tesla T4,3,2,null_rebuild,llama3.2-3b,Q8_0,13.20,13,1474.6,1380.0,1440.0,77.6,78.0,63.69,2026-09-02T05:22:46.935762+00:00
sm75,Tesla T4,3,2,null_rebuild,llama3.1-8b,Q4_0,18.98,18,1355.8,1215.0,1350.0,77.0,78.0,59.66,2026-09-02T05:23:05.920248+00:00
sm75,Tesla T4,3,2,null_rebuild,llama3.1-8b,Q8_0,26.03,25,1327.2,1125.0,1320.0,76.6,78.0,59.16,2026-09-02T05:23:31.955539+00:00
sm75,Tesla T4,4,0,force_mmq,llama3.2-1b,Q4_0,5.30,5,1587.0,1575.0,1590.0,77.4,78.0,54.41,2026-09-02T05:23:37.255278+00:00
sm75,Tesla T4,4,0,force_mmq,llama3.2-1b,Q8_0,6.91,7,1412.1,915.0,1590.0,76.7,77.0,54.19,2026-09-02T05:23:44.164162+00:00
sm75,Tesla T4,4,0,force_mmq,llama3.2-3b,Q4_0,10.13,10,1545.0,1515.0,1560.0,77.1,78.0,59.11,2026-09-02T05:23:54.292187+00:00
sm75,Tesla T4,4,0,force_mmq,llama3.2-3b,Q8_0,13.66,13,1516.2,1425.0,1575.0,77.2,78.0,56.77,2026-09-02T05:24:07.957501+00:00
sm75,Tesla T4,4,0,force_mmq,llama3.1-8b,Q4_0,18.39,18,1433.3,1275.0,1425.0,77.3,78.0,58.31,2026-09-02T05:24:26.345868+00:00
sm75,Tesla T4,4,0,force_mmq,llama3.1-8b,Q8_0,26.18,25,1381.2,1230.0,1440.0,76.7,78.0,60.65,2026-09-02T05:24:52.528361+00:00
sm75,Tesla T4,4,1,null_rebuild,llama3.2-1b,Q4_0,5.32,5,1545.0,1455.0,1575.0,76.8,77.0,52.68,2026-09-02T05:24:57.852524+00:00
sm75,Tesla T4,4,1,null_rebuild,llama3.2-1b,Q8_0,6.61,7,1500.0,1170.0,1590.0,76.4,77.0,51.44,2026-09-02T05:25:04.468413+00:00
sm75,Tesla T4,4,1,null_rebuild,llama3.2-3b,Q4_0,10.15,10,1498.5,1410.0,1545.0,76.8,78.0,57.28,2026-09-02T05:25:14.620657+00:00
sm75,Tesla T4,4,1,null_rebuild,llama3.2-3b,Q8_0,13.24,13,1436.5,1230.0,1410.0,77.2,78.0,60.60,2026-09-02T05:25:27.864199+00:00
sm75,Tesla T4,4,1,null_rebuild,llama3.1-8b,Q4_0,18.94,18,1338.3,1215.0,1350.0,77.4,78.0,65.38,2026-09-02T05:25:46.809454+00:00
sm75,Tesla T4,4,1,null_rebuild,llama3.1-8b,Q8_0,25.94,25,1325.4,1200.0,1305.0,76.6,78.0,60.78,2026-09-02T05:26:12.748073+00:00
sm75,Tesla T4,4,2,selected,llama3.2-1b,Q4_0,5.44,6,1540.0,1395.0,1590.0,76.8,77.0,52.71,2026-09-02T05:26:18.243286+00:00
sm75,Tesla T4,4,2,selected,llama3.2-1b,Q8_0,6.73,7,1354.3,840.0,1575.0,76.3,77.0,47.32,2026-09-02T05:26:24.969826+00:00
sm75,Tesla T4,4,2,selected,llama3.2-3b,Q4_0,10.12,10,1503.0,1425.0,1515.0,77.3,78.0,58.29,2026-09-02T05:26:35.089546+00:00
sm75,Tesla T4,4,2,selected,llama3.2-3b,Q8_0,13.18,13,1464.2,1380.0,1455.0,77.8,79.0,59.67,2026-09-02T05:26:48.271892+00:00
sm75,Tesla T4,4,2,selected,llama3.1-8b,Q4_0,19.00,18,1366.7,1185.0,1380.0,77.3,78.0,60.74,2026-09-02T05:27:07.274888+00:00
sm75,Tesla T4,4,2,selected,llama3.1-8b,Q8_0,26.00,25,1281.0,1005.0,1260.0,76.4,78.0,56.98,2026-09-02T05:27:33.273103+00:00
sm75,Tesla T4,5,0,null_rebuild,llama3.2-1b,Q4_0,5.45,6,1530.0,1350.0,1590.0,76.8,77.0,51.02,2026-09-02T05:27:38.764314+00:00
sm75,Tesla T4,5,0,null_rebuild,llama3.2-1b,Q8_0,6.77,7,1388.6,915.0,1590.0,76.1,77.0,52.65,2026-09-02T05:27:45.531441+00:00
sm75,Tesla T4,5,0,null_rebuild,llama3.2-3b,Q4_0,10.10,10,1504.5,1425.0,1515.0,77.1,78.0,61.64,2026-09-02T05:27:55.628877+00:00
sm75,Tesla T4,5,0,null_rebuild,llama3.2-3b,Q8_0,13.24,13,1441.2,1200.0,1500.0,77.8,79.0,58.62,2026-09-02T05:28:08.867844+00:00
sm75,Tesla T4,5,0,null_rebuild,llama3.1-8b,Q4_0,18.95,18,1377.5,1215.0,1380.0,77.8,78.0,59.77,2026-09-02T05:28:27.821452+00:00
sm75,Tesla T4,5,0,null_rebuild,llama3.1-8b,Q8_0,25.95,25,1324.2,1020.0,1320.0,76.4,78.0,58.37,2026-09-02T05:28:53.771874+00:00
sm75,Tesla T4,5,1,selected,llama3.2-1b,Q4_0,5.33,5,1536.0,1440.0,1590.0,77.0,78.0,50.67,2026-09-02T05:28:59.103819+00:00
sm75,Tesla T4,5,1,selected,llama3.2-1b,Q8_0,6.54,7,1538.6,1410.0,1590.0,77.0,78.0,54.44,2026-09-02T05:29:05.678152+00:00
sm75,Tesla T4,5,1,selected,llama3.2-3b,Q4_0,10.14,10,1524.0,1440.0,1560.0,77.3,78.0,61.05,2026-09-02T05:29:15.814879+00:00
sm75,Tesla T4,5,1,selected,llama3.2-3b,Q8_0,13.16,13,1471.2,1275.0,1515.0,77.7,78.0,62.54,2026-09-02T05:29:28.978161+00:00
sm75,Tesla T4,5,1,selected,llama3.1-8b,Q4_0,18.93,18,1385.0,1245.0,1380.0,76.9,78.0,61.81,2026-09-02T05:29:47.912011+00:00
sm75,Tesla T4,5,1,selected,llama3.1-8b,Q8_0,25.90,25,1356.0,1170.0,1365.0,76.5,78.0,58.15,2026-09-02T05:30:13.809424+00:00
sm75,Tesla T4,5,2,force_mmq,llama3.2-1b,Q4_0,5.34,5,1584.0,1575.0,1590.0,77.0,78.0,52.44,2026-09-02T05:30:19.146886+00:00
sm75,Tesla T4,5,2,force_mmq,llama3.2-1b,Q8_0,6.86,7,1405.7,840.0,1590.0,76.4,77.0,55.70,2026-09-02T05:30:26.007537+00:00
sm75,Tesla T4,5,2,force_mmq,llama3.2-3b,Q4_0,10.14,10,1525.5,1470.0,1530.0,77.2,78.0,64.01,2026-09-02T05:30:36.147967+00:00
sm75,Tesla T4,5,2,force_mmq,llama3.2-3b,Q8_0,13.64,13,1521.9,1410.0,1560.0,77.6,78.0,60.48,2026-09-02T05:30:49.789102+00:00
sm75,Tesla T4,5,2,force_mmq,llama3.1-8b,Q4_0,18.38,18,1435.8,1290.0,1440.0,77.3,78.0,59.60,2026-09-02T05:31:08.173989+00:00
sm75,Tesla T4,5,2,force_mmq,llama3.1-8b,Q8_0,26.26,25,1374.6,1215.0,1440.0,76.8,78.0,59.39,2026-09-02T05:31:34.436287+00:00
sm80,NVIDIA A100-SXM4-40GB,0,0,selected,llama3.2-1b,Q4_0,3.07,3,1410.0,1410.0,1410.0,37.3,40.0,92.87,2026-09-02T15:25:04.468741+00:00
sm80,NVIDIA A100-SXM4-40GB,0,0,selected,llama3.2-1b,Q8_0,3.42,4,1410.0,1410.0,1410.0,38.5,41.0,99.36,2026-09-02T15:25:07.917667+00:00
sm80,NVIDIA A100-SXM4-40GB,0,0,selected,llama3.2-3b,Q4_0,5.11,5,1410.0,1410.0,1410.0,40.4,43.0,124.46,2026-09-02T15:25:13.056979+00:00
sm80,NVIDIA A100-SXM4-40GB,0,0,selected,llama3.2-3b,Q8_0,5.97,6,1410.0,1410.0,1410.0,41.7,47.0,158.94,2026-09-02T15:25:19.051546+00:00
sm80,NVIDIA A100-SXM4-40GB,0,0,selected,llama3.1-8b,Q4_0,7.64,8,1410.0,1410.0,1410.0,44.4,48.0,137.96,2026-09-02T15:25:26.715457+00:00
sm80,NVIDIA A100-SXM4-40GB,0,0,selected,llama3.1-8b,Q8_0,9.96,10,1398.0,1395.0,1410.0,44.8,51.0,153.32,2026-09-02T15:25:36.702857+00:00
sm80,NVIDIA A100-SXM4-40GB,0,1,force_mmq,llama3.2-1b,Q4_0,3.31,4,1410.0,1410.0,1410.0,42.5,43.0,123.82,2026-09-02T15:25:40.036815+00:00
sm80,NVIDIA A100-SXM4-40GB,0,1,force_mmq,llama3.2-1b,Q8_0,3.58,4,1410.0,1410.0,1410.0,41.8,43.0,92.34,2026-09-02T15:25:43.644655+00:00
sm80,NVIDIA A100-SXM4-40GB,0,1,force_mmq,llama3.2-3b,Q4_0,5.42,6,1410.0,1410.0,1410.0,42.8,45.0,133.81,2026-09-02T15:25:49.092991+00:00
sm80,NVIDIA A100-SXM4-40GB,0,1,force_mmq,llama3.2-3b,Q8_0,6.16,6,1410.0,1410.0,1410.0,42.8,45.0,140.06,2026-09-02T15:25:55.280619+00:00
sm80,NVIDIA A100-SXM4-40GB,0,1,force_mmq,llama3.1-8b,Q4_0,8.28,9,1401.7,1335.0,1410.0,44.6,48.0,146.20,2026-09-02T15:26:03.606206+00:00
sm80,NVIDIA A100-SXM4-40GB,0,1,force_mmq,llama3.1-8b,Q8_0,10.29,10,1404.0,1395.0,1410.0,44.2,47.0,147.45,2026-09-02T15:26:13.916054+00:00
sm80,NVIDIA A100-SXM4-40GB,0,2,null_rebuild,llama3.2-1b,Q4_0,3.08,3,1410.0,1410.0,1410.0,43.3,45.0,105.64,2026-09-02T15:26:17.016527+00:00
sm80,NVIDIA A100-SXM4-40GB,0,2,null_rebuild,llama3.2-1b,Q8_0,3.42,4,1410.0,1410.0,1410.0,42.8,45.0,108.20,2026-09-02T15:26:20.457227+00:00
sm80,NVIDIA A100-SXM4-40GB,0,2,null_rebuild,llama3.2-3b,Q4_0,4.96,5,1410.0,1410.0,1410.0,44.0,47.0,122.01,2026-09-02T15:26:25.443391+00:00
sm80,NVIDIA A100-SXM4-40GB,0,2,null_rebuild,llama3.2-3b,Q8_0,5.93,6,1410.0,1410.0,1410.0,44.3,48.0,165.20,2026-09-02T15:26:31.401397+00:00
sm80,NVIDIA A100-SXM4-40GB,0,2,null_rebuild,llama3.1-8b,Q4_0,7.68,8,1402.5,1350.0,1410.0,46.2,51.0,170.34,2026-09-02T15:26:39.108403+00:00
sm80,NVIDIA A100-SXM4-40GB,0,2,null_rebuild,llama3.1-8b,Q8_0,9.85,10,1396.5,1395.0,1410.0,46.8,54.0,174.55,2026-09-02T15:26:48.979260+00:00
sm80,NVIDIA A100-SXM4-40GB,1,0,force_mmq,llama3.2-1b,Q4_0,3.30,4,1410.0,1410.0,1410.0,44.0,45.0,111.06,2026-09-02T15:26:52.301918+00:00
sm80,NVIDIA A100-SXM4-40GB,1,0,force_mmq,llama3.2-1b,Q8_0,3.58,4,1410.0,1410.0,1410.0,42.8,44.0,110.35,2026-09-02T15:26:55.906452+00:00
sm80,NVIDIA A100-SXM4-40GB,1,0,force_mmq,llama3.2-3b,Q4_0,5.42,6,1410.0,1410.0,1410.0,43.8,46.0,125.17,2026-09-02T15:27:01.348275+00:00
sm80,NVIDIA A100-SXM4-40GB,1,0,force_mmq,llama3.2-3b,Q8_0,6.19,7,1410.0,1410.0,1410.0,43.3,45.0,124.53,2026-09-02T15:27:07.591192+00:00
sm80,NVIDIA A100-SXM4-40GB,1,0,force_mmq,llama3.1-8b,Q4_0,8.27,9,1410.0,1410.0,1410.0,45.2,48.0,154.86,2026-09-02T15:27:15.904349+00:00
sm80,NVIDIA A100-SXM4-40GB,1,0,force_mmq,llama3.1-8b,Q8_0,10.32,11,1397.7,1395.0,1410.0,44.6,48.0,135.20,2026-09-02T15:27:26.272132+00:00
sm80,NVIDIA A100-SXM4-40GB,1,1,null_rebuild,llama3.2-1b,Q4_0,3.08,3,1410.0,1410.0,1410.0,43.3,45.0,96.11,2026-09-02T15:27:29.375898+00:00
sm80,NVIDIA A100-SXM4-40GB,1,1,null_rebuild,llama3.2-1b,Q8_0,3.42,4,1410.0,1410.0,1410.0,43.2,46.0,99.53,2026-09-02T15:27:32.822177+00:00
sm80,NVIDIA A100-SXM4-40GB,1,1,null_rebuild,llama3.2-3b,Q4_0,5.01,5,1410.0,1410.0,1410.0,44.4,48.0,140.52,2026-09-02T15:27:37.854440+00:00
sm80,NVIDIA A100-SXM4-40GB,1,1,null_rebuild,llama3.2-3b,Q8_0,5.91,6,1410.0,1410.0,1410.0,44.8,50.0,165.18,2026-09-02T15:27:43.794735+00:00
sm80,NVIDIA A100-SXM4-40GB,1,1,null_rebuild,llama3.1-8b,Q4_0,7.69,8,1410.0,1410.0,1410.0,46.8,52.0,170.52,2026-09-02T15:27:51.508302+00:00
sm80,NVIDIA A100-SXM4-40GB,1,1,null_rebuild,llama3.1-8b,Q8_0,9.85,10,1399.5,1410.0,1410.0,47.0,54.0,176.38,2026-09-02T15:28:01.385776+00:00
sm80,NVIDIA A100-SXM4-40GB,1,2,selected,llama3.2-1b,Q4_0,3.07,3,1410.0,1410.0,1410.0,44.3,46.0,96.87,2026-09-02T15:28:04.484786+00:00
sm80,NVIDIA A100-SXM4-40GB,1,2,selected,llama3.2-1b,Q8_0,3.41,4,1410.0,1410.0,1410.0,44.0,47.0,101.30,2026-09-02T15:28:07.923100+00:00
sm80,NVIDIA A100-SXM4-40GB,1,2,selected,llama3.2-3b,Q4_0,4.99,5,1410.0,1410.0,1410.0,45.0,48.0,118.41,2026-09-02T15:28:12.942184+00:00
sm80,NVIDIA A100-SXM4-40GB,1,2,selected,llama3.2-3b,Q8_0,5.98,6,1410.0,1410.0,1410.0,45.0,47.0,152.47,2026-09-02T15:28:18.948990+00:00
sm80,NVIDIA A100-SXM4-40GB,1,2,selected,llama3.1-8b,Q4_0,7.64,8,1404.4,1365.0,1410.0,47.2,52.0,157.22,2026-09-02T15:28:26.610995+00:00
sm80,NVIDIA A100-SXM4-40GB,1,2,selected,llama3.1-8b,Q8_0,9.98,10,1402.5,1410.0,1410.0,46.8,53.0,168.85,2026-09-02T15:28:36.614739+00:00
sm80,NVIDIA A100-SXM4-40GB,2,0,null_rebuild,llama3.2-1b,Q4_0,3.09,4,1410.0,1410.0,1410.0,43.8,46.0,106.76,2026-09-02T15:28:39.759996+00:00
sm80,NVIDIA A100-SXM4-40GB,2,0,null_rebuild,llama3.2-1b,Q8_0,3.41,4,1410.0,1410.0,1410.0,44.0,47.0,104.36,2026-09-02T15:28:43.192726+00:00
sm80,NVIDIA A100-SXM4-40GB,2,0,null_rebuild,llama3.2-3b,Q4_0,5.00,5,1410.0,1410.0,1410.0,45.0,48.0,132.01,2026-09-02T15:28:48.222245+00:00
sm80,NVIDIA A100-SXM4-40GB,2,0,null_rebuild,llama3.2-3b,Q8_0,5.93,6,1410.0,1410.0,1410.0,45.7,51.0,150.71,2026-09-02T15:28:54.177700+00:00
sm80,NVIDIA A100-SXM4-40GB,2,0,null_rebuild,llama3.1-8b,Q4_0,7.61,8,1404.4,1365.0,1410.0,47.1,51.0,156.74,2026-09-02T15:29:01.816559+00:00
sm80,NVIDIA A100-SXM4-40GB,2,0,null_rebuild,llama3.1-8b,Q8_0,9.86,10,1402.5,1395.0,1410.0,47.0,54.0,183.29,2026-09-02T15:29:11.704160+00:00
sm80,NVIDIA A100-SXM4-40GB,2,1,selected,llama3.2-1b,Q4_0,3.14,4,1410.0,1410.0,1410.0,43.8,46.0,92.43,2026-09-02T15:29:14.886389+00:00
sm80,NVIDIA A100-SXM4-40GB,2,1,selected,llama3.2-1b,Q8_0,3.44,4,1410.0,1410.0,1410.0,44.0,47.0,105.54,2026-09-02T15:29:18.346655+00:00
sm80,NVIDIA A100-SXM4-40GB,2,1,selected,llama3.2-3b,Q4_0,4.99,5,1410.0,1410.0,1410.0,45.0,47.0,135.98,2026-09-02T15:29:23.357819+00:00
sm80,NVIDIA A100-SXM4-40GB,2,1,selected,llama3.2-3b,Q8_0,5.89,6,1410.0,1410.0,1410.0,45.5,50.0,143.68,2026-09-02T15:29:29.274361+00:00
sm80,NVIDIA A100-SXM4-40GB,2,1,selected,llama3.1-8b,Q4_0,7.64,8,1402.5,1350.0,1410.0,47.1,51.0,176.90,2026-09-02T15:29:36.943475+00:00
sm80,NVIDIA A100-SXM4-40GB,2,1,selected,llama3.1-8b,Q8_0,10.01,10,1398.0,1380.0,1410.0,46.7,53.0,160.09,2026-09-02T15:29:46.975071+00:00
sm80,NVIDIA A100-SXM4-40GB,2,2,force_mmq,llama3.2-1b,Q4_0,3.33,4,1410.0,1410.0,1410.0,44.2,45.0,89.00,2026-09-02T15:29:50.332974+00:00
sm80,NVIDIA A100-SXM4-40GB,2,2,force_mmq,llama3.2-1b,Q8_0,3.59,4,1410.0,1410.0,1410.0,43.2,45.0,111.36,2026-09-02T15:29:53.950831+00:00
sm80,NVIDIA A100-SXM4-40GB,2,2,force_mmq,llama3.2-3b,Q4_0,5.36,6,1410.0,1410.0,1410.0,44.2,46.0,134.75,2026-09-02T15:29:59.333913+00:00
sm80,NVIDIA A100-SXM4-40GB,2,2,force_mmq,llama3.2-3b,Q8_0,6.19,7,1410.0,1410.0,1410.0,44.0,46.0,131.27,2026-09-02T15:30:05.578045+00:00
sm80,NVIDIA A100-SXM4-40GB,2,2,force_mmq,llama3.1-8b,Q4_0,8.25,8,1404.4,1365.0,1410.0,45.9,49.0,165.72,2026-09-02T15:30:13.851041+00:00
sm80,NVIDIA A100-SXM4-40GB,2,2,force_mmq,llama3.1-8b,Q8_0,10.34,11,1397.7,1410.0,1410.0,44.9,48.0,136.59,2026-09-02T15:30:24.231920+00:00
sm80,NVIDIA A100-SXM4-40GB,3,0,selected,llama3.2-1b,Q4_0,3.12,4,1410.0,1410.0,1410.0,43.5,45.0,89.73,2026-09-02T15:30:27.394522+00:00
sm80,NVIDIA A100-SXM4-40GB,3,0,selected,llama3.2-1b,Q8_0,3.40,4,1410.0,1410.0,1410.0,43.5,46.0,97.84,2026-09-02T15:30:30.818332+00:00
sm80,NVIDIA A100-SXM4-40GB,3,0,selected,llama3.2-3b,Q4_0,4.96,5,1410.0,1410.0,1410.0,44.8,48.0,139.87,2026-09-02T15:30:35.802500+00:00
sm80,NVIDIA A100-SXM4-40GB,3,0,selected,llama3.2-3b,Q8_0,5.91,6,1410.0,1410.0,1410.0,45.7,51.0,165.34,2026-09-02T15:30:41.739757+00:00
sm80,NVIDIA A100-SXM4-40GB,3,0,selected,llama3.1-8b,Q4_0,7.66,8,1402.5,1350.0,1410.0,47.1,52.0,166.25,2026-09-02T15:30:49.430058+00:00
sm80,NVIDIA A100-SXM4-40GB,3,0,selected,llama3.1-8b,Q8_0,9.89,10,1408.5,1410.0,1410.0,46.9,54.0,171.38,2026-09-02T15:30:59.349022+00:00
sm80,NVIDIA A100-SXM4-40GB,3,1,force_mmq,llama3.2-1b,Q4_0,3.34,4,1410.0,1410.0,1410.0,44.2,45.0,89.86,2026-09-02T15:31:02.709196+00:00
sm80,NVIDIA A100-SXM4-40GB,3,1,force_mmq,llama3.2-1b,Q8_0,3.57,4,1410.0,1410.0,1410.0,43.5,45.0,99.46,2026-09-02T15:31:06.307592+00:00
sm80,NVIDIA A100-SXM4-40GB,3,1,force_mmq,llama3.2-3b,Q4_0,5.34,6,1410.0,1410.0,1410.0,44.0,46.0,119.07,2026-09-02T15:31:11.669976+00:00
sm80,NVIDIA A100-SXM4-40GB,3,1,force_mmq,llama3.2-3b,Q8_0,6.20,7,1410.0,1410.0,1410.0,43.9,46.0,127.18,2026-09-02T15:31:17.911117+00:00
sm80,NVIDIA A100-SXM4-40GB,3,1,force_mmq,llama3.1-8b,Q4_0,8.25,9,1403.3,1350.0,1410.0,45.6,49.0,143.97,2026-09-02T15:31:26.216318+00:00
sm80,NVIDIA A100-SXM4-40GB,3,1,force_mmq,llama3.1-8b,Q8_0,10.36,11,1400.5,1395.0,1410.0,44.9,48.0,144.44,2026-09-02T15:31:36.615737+00:00
sm80,NVIDIA A100-SXM4-40GB,3,2,null_rebuild,llama3.2-1b,Q4_0,3.08,3,1410.0,1410.0,1410.0,44.0,46.0,95.69,2026-09-02T15:31:39.715984+00:00
sm80,NVIDIA A100-SXM4-40GB,3,2,null_rebuild,llama3.2-1b,Q8_0,3.41,4,1410.0,1410.0,1410.0,43.5,46.0,102.74,2026-09-02T15:31:43.151128+00:00
sm80,NVIDIA A100-SXM4-40GB,3,2,null_rebuild,llama3.2-3b,Q4_0,4.96,5,1410.0,1410.0,1410.0,44.8,48.0,139.35,2026-09-02T15:31:48.135416+00:00
sm80,NVIDIA A100-SXM4-40GB,3,2,null_rebuild,llama3.2-3b,Q8_0,5.92,6,1410.0,1410.0,1410.0,45.7,51.0,161.60,2026-09-02T15:31:54.081982+00:00
sm80,NVIDIA A100-SXM4-40GB,3,2,null_rebuild,llama3.1-8b,Q4_0,7.65,8,1398.8,1320.0,1410.0,46.9,50.0,163.85,2026-09-02T15:32:01.755093+00:00
sm80,NVIDIA A100-SXM4-40GB,3,2,null_rebuild,llama3.1-8b,Q8_0,9.85,10,1399.5,1395.0,1410.0,47.1,54.0,181.71,2026-09-02T15:32:11.626748+00:00
sm80,NVIDIA A100-SXM4-40GB,4,0,force_mmq,llama3.2-1b,Q4_0,3.36,4,1410.0,1410.0,1410.0,44.2,46.0,110.14,2026-09-02T15:32:15.008949+00:00
sm80,NVIDIA A100-SXM4-40GB,4,0,force_mmq,llama3.2-1b,Q8_0,3.59,4,1410.0,1410.0,1410.0,43.2,45.0,110.42,2026-09-02T15:32:18.626362+00:00
sm80,NVIDIA A100-SXM4-40GB,4,0,force_mmq,llama3.2-3b,Q4_0,5.38,6,1410.0,1410.0,1410.0,44.2,46.0,130.74,2026-09-02T15:32:24.028542+00:00
sm80,NVIDIA A100-SXM4-40GB,4,0,force_mmq,llama3.2-3b,Q8_0,6.18,6,1410.0,1410.0,1410.0,44.0,46.0,141.03,2026-09-02T15:32:30.230663+00:00
sm80,NVIDIA A100-SXM4-40GB,4,0,force_mmq,llama3.1-8b,Q4_0,8.28,9,1403.3,1350.0,1410.0,45.4,48.0,145.94,2026-09-02T15:32:38.552038+00:00
sm80,NVIDIA A100-SXM4-40GB,4,0,force_mmq,llama3.1-8b,Q8_0,10.27,10,1402.5,1410.0,1410.0,45.1,48.0,159.60,2026-09-02T15:32:48.842748+00:00
sm80,NVIDIA A100-SXM4-40GB,4,1,null_rebuild,llama3.2-1b,Q4_0,3.09,4,1410.0,1410.0,1410.0,43.2,45.0,91.30,2026-09-02T15:32:51.990061+00:00
sm80,NVIDIA A100-SXM4-40GB,4,1,null_rebuild,llama3.2-1b,Q8_0,3.41,4,1410.0,1410.0,1410.0,43.5,46.0,106.17,2026-09-02T15:32:55.421276+00:00
sm80,NVIDIA A100-SXM4-40GB,4,1,null_rebuild,llama3.2-3b,Q4_0,4.99,5,1410.0,1410.0,1410.0,44.6,47.0,140.08,2026-09-02T15:33:00.451117+00:00
sm80,NVIDIA A100-SXM4-40GB,4,1,null_rebuild,llama3.2-3b,Q8_0,5.95,6,1410.0,1410.0,1410.0,45.3,51.0,153.18,2026-09-02T15:33:06.436178+00:00
sm80,NVIDIA A100-SXM4-40GB,4,1,null_rebuild,llama3.1-8b,Q4_0,7.71,8,1400.6,1335.0,1410.0,46.8,50.0,146.61,2026-09-02T15:33:14.170603+00:00
sm80,NVIDIA A100-SXM4-40GB,4,1,null_rebuild,llama3.1-8b,Q8_0,9.86,10,1399.5,1395.0,1410.0,47.1,55.0,171.04,2026-09-02T15:33:24.060147+00:00
sm80,NVIDIA A100-SXM4-40GB,4,2,selected,llama3.2-1b,Q4_0,3.14,4,1410.0,1410.0,1410.0,43.8,46.0,81.18,2026-09-02T15:33:27.242304+00:00
sm80,NVIDIA A100-SXM4-40GB,4,2,selected,llama3.2-1b,Q8_0,3.43,4,1410.0,1410.0,1410.0,44.0,47.0,102.34,2026-09-02T15:33:30.695361+00:00
sm80,NVIDIA A100-SXM4-40GB,4,2,selected,llama3.2-3b,Q4_0,4.99,5,1410.0,1410.0,1410.0,45.0,48.0,130.80,2026-09-02T15:33:35.713454+00:00
sm80,NVIDIA A100-SXM4-40GB,4,2,selected,llama3.2-3b,Q8_0,5.91,6,1410.0,1410.0,1410.0,45.7,51.0,153.83,2026-09-02T15:33:41.651658+00:00
sm80,NVIDIA A100-SXM4-40GB,4,2,selected,llama3.1-8b,Q4_0,7.66,8,1402.5,1350.0,1410.0,47.1,51.0,183.31,2026-09-02T15:33:49.334312+00:00
sm80,NVIDIA A100-SXM4-40GB,4,2,selected,llama3.1-8b,Q8_0,9.86,10,1399.5,1410.0,1410.0,47.1,54.0,173.17,2026-09-02T15:33:59.215317+00:00
sm80,NVIDIA A100-SXM4-40GB,5,0,null_rebuild,llama3.2-1b,Q4_0,3.09,4,1410.0,1410.0,1410.0,44.0,46.0,83.54,2026-09-02T15:34:02.361397+00:00
sm80,NVIDIA A100-SXM4-40GB,5,0,null_rebuild,llama3.2-1b,Q8_0,3.43,4,1410.0,1410.0,1410.0,44.0,47.0,111.76,2026-09-02T15:34:05.813556+00:00
sm80,NVIDIA A100-SXM4-40GB,5,0,null_rebuild,llama3.2-3b,Q4_0,4.97,5,1410.0,1410.0,1410.0,45.2,48.0,125.39,2026-09-02T15:34:10.806104+00:00
sm80,NVIDIA A100-SXM4-40GB,5,0,null_rebuild,llama3.2-3b,Q8_0,5.95,6,1410.0,1410.0,1410.0,45.7,51.0,151.87,2026-09-02T15:34:16.778832+00:00
sm80,NVIDIA A100-SXM4-40GB,5,0,null_rebuild,llama3.1-8b,Q4_0,7.65,8,1406.2,1380.0,1410.0,47.1,51.0,177.12,2026-09-02T15:34:24.450498+00:00
sm80,NVIDIA A100-SXM4-40GB,5,0,null_rebuild,llama3.1-8b,Q8_0,9.91,10,1396.5,1410.0,1410.0,47.0,54.0,171.27,2026-09-02T15:34:34.385956+00:00
sm80,NVIDIA A100-SXM4-40GB,5,1,selected,llama3.2-1b,Q4_0,3.09,3,1410.0,1410.0,1410.0,44.3,46.0,131.91,2026-09-02T15:34:37.498609+00:00
sm80,NVIDIA A100-SXM4-40GB,5,1,selected,llama3.2-1b,Q8_0,3.42,4,1410.0,1410.0,1410.0,44.0,47.0,107.94,2026-09-02T15:34:40.940901+00:00
sm80,NVIDIA A100-SXM4-40GB,5,1,selected,llama3.2-3b,Q4_0,4.98,5,1410.0,1410.0,1410.0,45.0,47.0,140.22,2026-09-02T15:34:45.949804+00:00
sm80,NVIDIA A100-SXM4-40GB,5,1,selected,llama3.2-3b,Q8_0,5.91,6,1410.0,1410.0,1410.0,45.7,51.0,165.23,2026-09-02T15:34:51.889110+00:00
sm80,NVIDIA A100-SXM4-40GB,5,1,selected,llama3.1-8b,Q4_0,7.64,8,1400.6,1335.0,1410.0,46.9,50.0,180.82,2026-09-02T15:34:59.554117+00:00
sm80,NVIDIA A100-SXM4-40GB,5,1,selected,llama3.1-8b,Q8_0,9.85,10,1401.0,1410.0,1410.0,47.2,54.0,168.69,2026-09-02T15:35:09.431324+00:00
sm80,NVIDIA A100-SXM4-40GB,5,2,force_mmq,llama3.2-1b,Q4_0,3.27,4,1410.0,1410.0,1410.0,44.2,45.0,90.26,2026-09-02T15:35:12.740721+00:00
sm80,NVIDIA A100-SXM4-40GB,5,2,force_mmq,llama3.2-1b,Q8_0,3.57,4,1410.0,1410.0,1410.0,43.2,45.0,92.97,2026-09-02T15:35:16.334013+00:00
sm80,NVIDIA A100-SXM4-40GB,5,2,force_mmq,llama3.2-3b,Q4_0,5.35,6,1410.0,1410.0,1410.0,44.0,46.0,107.37,2026-09-02T15:35:21.712045+00:00
sm80,NVIDIA A100-SXM4-40GB,5,2,force_mmq,llama3.2-3b,Q8_0,6.19,7,1410.0,1410.0,1410.0,43.7,46.0,129.42,2026-09-02T15:35:27.948860+00:00
sm80,NVIDIA A100-SXM4-40GB,5,2,force_mmq,llama3.1-8b,Q4_0,8.27,9,1403.3,1350.0,1410.0,45.3,48.0,135.36,2026-09-02T15:35:36.259432+00:00
sm80,NVIDIA A100-SXM4-40GB,5,2,force_mmq,llama3.1-8b,Q8_0,10.23,10,1399.5,1410.0,1410.0,45.0,48.0,140.37,2026-09-02T15:35:46.509310+00:00
sm86,NVIDIA GeForce RTX 3050 Laptop GPU,0,0,selected,llama3.2-1b,Q4_0,6.38,6,1431.0,1057.0,1462.0,65.8,69.0,30.02,2026-09-02T05:29:20.007645+00:00
sm86,NVIDIA GeForce RTX 3050 Laptop GPU,0,0,selected,llama3.2-1b,Q8_0,8.67,8,1436.0,1057.0,1515.0,69.2,73.0,31.39,2026-09-02T05:29:29.157740+00:00
sm86,NVIDIA GeForce RTX 3050 Laptop GPU,0,0,selected,llama3.2-3b,Q4_0,13.20,13,1331.8,1057.0,1275.0,72.3,75.0,32.34,2026-09-02T05:29:48.800949+00:00
sm86,NVIDIA GeForce RTX 3050 Laptop GPU,0,0,selected,llama3.2-3b,Q8_0,22.15,21,989.6,712.0,1012.0,73.2,74.0,25.72,2026-09-02T05:30:17.501273+00:00
sm86,NVIDIA GeForce RTX 3050 Laptop GPU,0,1,force_mmq,llama3.2-1b,Q4_0,7.32,7,1112.9,817.0,1110.0,73.3,75.0,22.54,2026-09-02T05:30:31.120273+00:00
sm86,NVIDIA GeForce RTX 3050 Laptop GPU,0,1,force_mmq,llama3.2-1b,Q8_0,9.88,9,922.1,712.0,1057.0,73.1,74.0,22.23,2026-09-02T05:30:47.455423+00:00
sm86,NVIDIA GeForce RTX 3050 Laptop GPU,0,1,force_mmq,llama3.2-3b,Q4_0,18.38,17,844.4,712.0,712.0,73.9,75.0,22.22,2026-09-02T05:31:12.293623+00:00
sm86,NVIDIA GeForce RTX 3050 Laptop GPU,0,1,force_mmq,llama3.2-3b,Q8_0,23.20,22,774.7,712.0,712.0,75.1,77.0,23.15,2026-09-02T05:31:41.908131+00:00
sm86,NVIDIA GeForce RTX 3050 Laptop GPU,0,2,null_rebuild,llama3.2-1b,Q4_0,9.76,9,788.7,712.0,712.0,73.7,75.0,18.99,2026-09-02T05:32:03.894980+00:00
sm86,NVIDIA GeForce RTX 3050 Laptop GPU,0,2,null_rebuild,llama3.2-1b,Q8_0,10.65,10,812.5,712.0,712.0,74.5,76.0,22.01,2026-09-02T05:32:20.791743+00:00
sm86,NVIDIA GeForce RTX 3050 Laptop GPU,0,2,null_rebuild,llama3.2-3b,Q4_0,19.94,19,748.3,712.0,712.0,75.4,76.0,22.23,2026-09-02T05:32:47.072309+00:00
sm86,NVIDIA GeForce RTX 3050 Laptop GPU,0,2,null_rebuild,llama3.2-3b,Q8_0,23.92,22,743.4,712.0,712.0,76.4,78.0,24.53,2026-09-02T05:33:22.939918+00:00
sm86,NVIDIA GeForce RTX 3050 Laptop GPU,1,0,force_mmq,llama3.2-1b,Q4_0,9.51,9,788.7,712.0,712.0,74.3,75.0,18.49,2026-09-02T05:33:50.330128+00:00
sm86,NVIDIA GeForce RTX 3050 Laptop GPU,1,0,force_mmq,llama3.2-1b,Q8_0,10.69,10,781.0,712.0,712.0,74.5,76.0,20.45,2026-09-02T05:34:07.436160+00:00
sm86,NVIDIA GeForce RTX 3050 Laptop GPU,1,0,force_mmq,llama3.2-3b,Q4_0,20.26,18,754.9,712.0,712.0,75.3,77.0,21.28,2026-09-02T05:34:45.492537+00:00
sm86,NVIDIA GeForce RTX 3050 Laptop GPU,1,0,force_mmq,llama3.2-3b,Q8_0,23.31,21,776.0,712.0,712.0,76.2,78.0,23.57,2026-09-02T05:35:20.948351+00:00
sm86,NVIDIA GeForce RTX 3050 Laptop GPU,1,1,null_rebuild,llama3.2-1b,Q4_0,9.79,9,788.7,712.0,712.0,74.6,75.0,19.05,2026-09-02T05:35:48.803580+00:00
sm86,NVIDIA GeForce RTX 3050 Laptop GPU,1,1,null_rebuild,llama3.2-1b,Q8_0,10.89,10,790.8,712.0,712.0,74.7,76.0,21.75,2026-09-02T05:36:11.920625+00:00
sm86,NVIDIA GeForce RTX 3050 Laptop GPU,1,1,null_rebuild,llama3.2-3b,Q4_0,20.18,19,748.3,712.0,712.0,75.6,77.0,22.08,2026-09-02T05:36:45.289368+00:00
sm86,NVIDIA GeForce RTX 3050 Laptop GPU,1,1,null_rebuild,llama3.2-3b,Q8_0,24.20,23,785.4,712.0,712.0,76.2,78.0,24.05,2026-09-02T05:37:27.808334+00:00
sm86,NVIDIA GeForce RTX 3050 Laptop GPU,1,2,selected,llama3.2-1b,Q4_0,9.59,9,788.7,712.0,712.0,74.3,75.0,19.46,2026-09-02T05:38:01.260974+00:00
sm86,NVIDIA GeForce RTX 3050 Laptop GPU,1,2,selected,llama3.2-1b,Q8_0,11.64,11,774.7,712.0,712.0,75.1,76.0,21.17,2026-09-02T05:38:25.141682+00:00
sm86,NVIDIA GeForce RTX 3050 Laptop GPU,1,2,selected,llama3.2-3b,Q4_0,20.21,19,751.1,712.0,712.0,75.6,77.0,22.13,2026-09-02T05:39:03.557909+00:00
sm86,NVIDIA GeForce RTX 3050 Laptop GPU,1,2,selected,llama3.2-3b,Q8_0,24.34,22,788.7,712.0,712.0,76.8,78.0,24.36,2026-09-02T05:39:46.130705+00:00
sm86,NVIDIA GeForce RTX 3050 Laptop GPU,2,0,null_rebuild,llama3.2-1b,Q4_0,9.86,9,819.6,712.0,712.0,74.6,76.0,19.03,2026-09-02T05:40:25.552450+00:00
sm86,NVIDIA GeForce RTX 3050 Laptop GPU,2,0,null_rebuild,llama3.2-1b,Q8_0,11.54,11,774.7,712.0,712.0,75.3,76.0,21.57,2026-09-02T05:40:55.038994+00:00
sm86,NVIDIA GeForce RTX 3050 Laptop GPU,2,0,null_rebuild,llama3.2-3b,Q4_0,20.08,19,748.3,712.0,712.0,76.0,77.0,22.14,2026-09-02T05:41:33.324370+00:00
sm86,NVIDIA GeForce RTX 3050 Laptop GPU,2,0,null_rebuild,llama3.2-3b,Q8_0,24.33,22,788.7,712.0,712.0,76.4,78.0,24.33,2026-09-02T05:42:21.297415+00:00
sm86,NVIDIA GeForce RTX 3050 Laptop GPU,2,1,selected,llama3.2-1b,Q4_0,9.93,9,788.7,712.0,712.0,74.6,76.0,18.83,2026-09-02T05:42:55.367678+00:00
sm86,NVIDIA GeForce RTX 3050 Laptop GPU,2,1,selected,llama3.2-1b,Q8_0,11.52,11,774.7,712.0,712.0,75.3,76.0,21.23,2026-09-02T05:43:18.965596+00:00
sm86,NVIDIA GeForce RTX 3050 Laptop GPU,2,1,selected,llama3.2-3b,Q4_0,19.71,18,786.6,712.0,712.0,76.0,77.0,22.22,2026-09-02T05:43:50.967990+00:00
sm86,NVIDIA GeForce RTX 3050 Laptop GPU,2,1,selected,llama3.2-3b,Q8_0,24.02,22,743.4,712.0,712.0,76.4,78.0,24.45,2026-09-02T05:44:38.736932+00:00
sm86,NVIDIA GeForce RTX 3050 Laptop GPU,2,2,force_mmq,llama3.2-1b,Q4_0,9.03,9,788.7,712.0,712.0,74.8,76.0,19.18,2026-09-02T05:45:11.696898+00:00
sm86,NVIDIA GeForce RTX 3050 Laptop GPU,2,2,force_mmq,llama3.2-1b,Q8_0,10.61,10,781.0,712.0,712.0,74.8,76.0,20.53,2026-09-02T05:45:34.353973+00:00
sm86,NVIDIA GeForce RTX 3050 Laptop GPU,2,2,force_mmq,llama3.2-3b,Q4_0,19.76,19,755.8,712.0,712.0,75.3,77.0,21.44,2026-09-02T05:46:06.177349+00:00
sm86,NVIDIA GeForce RTX 3050 Laptop GPU,2,2,force_mmq,llama3.2-3b,Q8_0,23.54,22,788.7,712.0,712.0,76.0,78.0,23.32,2026-09-02T05:46:48.122703+00:00
sm86,NVIDIA GeForce RTX 3050 Laptop GPU,3,0,selected,llama3.2-1b,Q4_0,9.84,9,788.7,712.0,712.0,74.8,76.0,19.11,2026-09-02T05:47:15.957157+00:00
sm86,NVIDIA GeForce RTX 3050 Laptop GPU,3,0,selected,llama3.2-1b,Q8_0,11.41,11,774.7,712.0,712.0,74.9,76.0,21.52,2026-09-02T05:47:39.475502+00:00
sm86,NVIDIA GeForce RTX 3050 Laptop GPU,3,0,selected,llama3.2-3b,Q4_0,20.15,19,748.3,712.0,712.0,75.7,77.0,22.07,2026-09-02T05:48:11.803916+00:00
sm86,NVIDIA GeForce RTX 3050 Laptop GPU,3,0,selected,llama3.2-3b,Q8_0,24.13,22,743.4,712.0,712.0,76.5,78.0,24.36,2026-09-02T05:48:53.724285+00:00
sm86,NVIDIA GeForce RTX 3050 Laptop GPU,3,1,force_mmq,llama3.2-1b,Q4_0,8.49,8,798.2,712.0,712.0,74.4,75.0,19.69,2026-09-02T05:49:26.005932+00:00
sm86,NVIDIA GeForce RTX 3050 Laptop GPU,3,1,force_mmq,llama3.2-1b,Q8_0,10.72,10,781.0,712.0,712.0,75.2,76.0,20.73,2026-09-02T05:49:43.025140+00:00
sm86,NVIDIA GeForce RTX 3050 Laptop GPU,3,1,force_mmq,llama3.2-3b,Q4_0,19.89,18,750.3,712.0,712.0,75.7,77.0,21.41,2026-09-02T05:50:15.056975+00:00
sm86,NVIDIA GeForce RTX 3050 Laptop GPU,3,1,force_mmq,llama3.2-3b,Q8_0,23.38,22,775.4,712.0,712.0,76.4,78.0,23.43,2026-09-02T05:50:56.596346+00:00
sm86,NVIDIA GeForce RTX 3050 Laptop GPU,3,2,null_rebuild,llama3.2-1b,Q4_0,9.72,9,788.7,712.0,712.0,74.4,75.0,19.30,2026-09-02T05:51:30.075739+00:00
sm86,NVIDIA GeForce RTX 3050 Laptop GPU,3,2,null_rebuild,llama3.2-1b,Q8_0,11.53,11,774.7,712.0,712.0,74.8,76.0,21.25,2026-09-02T05:51:53.770551+00:00
sm86,NVIDIA GeForce RTX 3050 Laptop GPU,3,2,null_rebuild,llama3.2-3b,Q4_0,20.17,19,748.3,712.0,712.0,75.8,77.0,22.15,2026-09-02T05:52:26.042214+00:00
sm86,NVIDIA GeForce RTX 3050 Laptop GPU,3,2,null_rebuild,llama3.2-3b,Q8_0,24.05,22,743.4,712.0,712.0,76.7,78.0,24.56,2026-09-02T05:53:07.861513+00:00
sm86,NVIDIA GeForce RTX 3050 Laptop GPU,4,0,force_mmq,llama3.2-1b,Q4_0,9.16,9,788.7,712.0,712.0,74.6,76.0,18.88,2026-09-02T05:53:40.689362+00:00
sm86,NVIDIA GeForce RTX 3050 Laptop GPU,4,0,force_mmq,llama3.2-1b,Q8_0,10.66,10,786.3,712.0,712.0,74.9,76.0,20.86,2026-09-02T05:54:03.458494+00:00
sm86,NVIDIA GeForce RTX 3050 Laptop GPU,4,0,force_mmq,llama3.2-3b,Q4_0,20.07,19,748.3,712.0,712.0,75.5,77.0,21.32,2026-09-02T05:54:35.594859+00:00
sm86,NVIDIA GeForce RTX 3050 Laptop GPU,4,0,force_mmq,llama3.2-3b,Q8_0,23.33,22,743.4,712.0,712.0,76.5,78.0,23.49,2026-09-02T05:55:16.716170+00:00
sm86,NVIDIA GeForce RTX 3050 Laptop GPU,4,1,null_rebuild,llama3.2-1b,Q4_0,9.75,9,788.7,712.0,712.0,74.4,75.0,19.20,2026-09-02T05:55:50.228860+00:00
sm86,NVIDIA GeForce RTX 3050 Laptop GPU,4,1,null_rebuild,llama3.2-1b,Q8_0,11.39,11,774.7,712.0,712.0,75.0,76.0,21.46,2026-09-02T05:56:13.494076+00:00
sm86,NVIDIA GeForce RTX 3050 Laptop GPU,4,1,null_rebuild,llama3.2-3b,Q4_0,20.15,19,750.3,712.0,712.0,75.9,77.0,22.23,2026-09-02T05:56:45.584097+00:00
sm86,NVIDIA GeForce RTX 3050 Laptop GPU,4,1,null_rebuild,llama3.2-3b,Q8_0,24.10,22,787.0,712.0,712.0,76.5,78.0,24.44,2026-09-02T05:57:27.778863+00:00
sm86,NVIDIA GeForce RTX 3050 Laptop GPU,4,2,selected,llama3.2-1b,Q4_0,9.74,9,788.7,712.0,712.0,74.3,75.0,19.03,2026-09-02T05:58:01.216199+00:00
sm86,NVIDIA GeForce RTX 3050 Laptop GPU,4,2,selected,llama3.2-1b,Q8_0,11.49,11,774.7,712.0,712.0,74.9,76.0,21.31,2026-09-02T05:58:24.751381+00:00
sm86,NVIDIA GeForce RTX 3050 Laptop GPU,4,2,selected,llama3.2-3b,Q4_0,20.37,19,781.5,712.0,712.0,75.6,77.0,22.02,2026-09-02T05:58:57.369820+00:00
sm86,NVIDIA GeForce RTX 3050 Laptop GPU,4,2,selected,llama3.2-3b,Q8_0,24.22,23,771.3,712.0,712.0,76.6,78.0,24.17,2026-09-02T05:59:39.955431+00:00
sm86,NVIDIA GeForce RTX 3050 Laptop GPU,5,0,null_rebuild,llama3.2-1b,Q4_0,10.34,10,841.8,712.0,712.0,74.5,76.0,18.66,2026-09-02T06:00:20.102271+00:00
sm86,NVIDIA GeForce RTX 3050 Laptop GPU,5,0,null_rebuild,llama3.2-1b,Q8_0,11.35,11,774.7,712.0,712.0,75.2,76.0,21.49,2026-09-02T06:00:43.608232+00:00
sm86,NVIDIA GeForce RTX 3050 Laptop GPU,5,0,null_rebuild,llama3.2-3b,Q4_0,20.36,19,748.3,712.0,712.0,76.2,77.0,22.06,2026-09-02T06:01:21.675327+00:00
sm86,NVIDIA GeForce RTX 3050 Laptop GPU,5,0,null_rebuild,llama3.2-3b,Q8_0,24.27,22,773.4,712.0,712.0,76.8,78.0,24.55,2026-09-02T06:02:09.708246+00:00
sm86,NVIDIA GeForce RTX 3050 Laptop GPU,5,1,selected,llama3.2-1b,Q4_0,9.74,9,788.7,712.0,712.0,74.8,76.0,19.27,2026-09-02T06:02:43.251862+00:00
sm86,NVIDIA GeForce RTX 3050 Laptop GPU,5,1,selected,llama3.2-1b,Q8_0,11.39,11,774.7,712.0,712.0,75.2,76.0,21.36,2026-09-02T06:03:06.744480+00:00
sm86,NVIDIA GeForce RTX 3050 Laptop GPU,5,1,selected,llama3.2-3b,Q4_0,56.19,52,1075.3,915.0,952.0,73.9,75.0,15.46,2026-09-02T06:04:20.728110+00:00
sm86,NVIDIA GeForce RTX 3050 Laptop GPU,5,1,selected,llama3.2-3b,Q8_0,100.63,92,1140.8,1087.0,1110.0,74.0,75.0,15.69,2026-09-02T06:06:07.884241+00:00
sm86,NVIDIA GeForce RTX 3050 Laptop GPU,5,2,force_mmq,llama3.2-1b,Q4_0,21.07,19,1238.7,877.0,1335.0,73.8,75.0,16.65,2026-09-02T06:06:47.102094+00:00
sm86,NVIDIA GeForce RTX 3050 Laptop GPU,5,2,force_mmq,llama3.2-1b,Q8_0,11.01,10,802.0,712.0,712.0,74.8,76.0,20.76,2026-09-02T06:07:04.588561+00:00
sm86,NVIDIA GeForce RTX 3050 Laptop GPU,5,2,force_mmq,llama3.2-3b,Q4_0,19.96,18,750.3,712.0,712.0,75.7,77.0,21.42,2026-09-02T06:07:42.577060+00:00
sm86,NVIDIA GeForce RTX 3050 Laptop GPU,5,2,force_mmq,llama3.2-3b,Q8_0,23.34,22,777.1,712.0,712.0,76.1,78.0,23.47,2026-09-02T06:08:23.968625+00:00
sm89,NVIDIA L4,0,0,selected,llama3.2-1b,Q4_0,3.72,4,1822.5,1650.0,1860.0,50.2,52.0,52.02,2026-09-02T19:00:18.986307+00:00
sm89,NVIDIA L4,0,0,selected,llama3.2-1b,Q8_0,5.16,6,1872.5,1500.0,2025.0,51.3,53.0,60.79,2026-09-02T19:00:24.194261+00:00
sm89,NVIDIA L4,0,0,selected,llama3.2-3b,Q4_0,7.30,8,1734.4,1500.0,1605.0,53.9,56.0,63.32,2026-09-02T19:00:31.512325+00:00
sm89,NVIDIA L4,0,0,selected,llama3.2-3b,Q8_0,10.92,11,1659.5,1365.0,1665.0,56.6,59.0,65.42,2026-09-02T19:00:42.460015+00:00
sm89,NVIDIA L4,0,0,selected,llama3.1-8b,Q4_0,13.87,14,1460.4,1005.0,1350.0,60.1,63.0,66.03,2026-09-02T19:00:56.357238+00:00
sm89,NVIDIA L4,0,0,selected,llama3.1-8b,Q8_0,22.38,22,1477.5,1140.0,1455.0,63.7,66.0,66.76,2026-09-02T19:01:18.763263+00:00
sm89,NVIDIA L4,0,1,force_mmq,llama3.2-1b,Q4_0,3.95,4,1803.8,1620.0,1785.0,66.8,68.0,60.53,2026-09-02T19:01:22.734819+00:00
sm89,NVIDIA L4,0,1,force_mmq,llama3.2-1b,Q8_0,5.40,6,1915.0,1755.0,1980.0,67.2,69.0,63.61,2026-09-02T19:01:28.154036+00:00
sm89,NVIDIA L4,0,1,force_mmq,llama3.2-3b,Q4_0,7.82,8,1683.8,1425.0,1530.0,68.6,70.0,64.72,2026-09-02T19:01:35.993307+00:00
sm89,NVIDIA L4,0,1,force_mmq,llama3.2-3b,Q8_0,11.37,12,1666.2,1515.0,1560.0,70.2,72.0,66.05,2026-09-02T19:01:47.414161+00:00
sm89,NVIDIA L4,0,1,force_mmq,llama3.1-8b,Q4_0,14.60,15,1470.0,1260.0,1320.0,72.4,74.0,66.21,2026-09-02T19:02:02.040913+00:00
sm89,NVIDIA L4,0,1,force_mmq,llama3.1-8b,Q8_0,23.20,23,1462.8,1290.0,1350.0,74.3,76.0,67.24,2026-09-02T19:02:25.261343+00:00
sm89,NVIDIA L4,0,2,null_rebuild,llama3.2-1b,Q4_0,3.77,4,1616.2,1155.0,1725.0,76.2,78.0,62.84,2026-09-02T19:02:29.059770+00:00
sm89,NVIDIA L4,0,2,null_rebuild,llama3.2-1b,Q8_0,5.22,6,1760.0,1290.0,2025.0,76.0,77.0,62.48,2026-09-02T19:02:34.304164+00:00
sm89,NVIDIA L4,0,2,null_rebuild,llama3.2-3b,Q4_0,7.42,8,1623.8,1320.0,1545.0,77.5,79.0,65.96,2026-09-02T19:02:41.747382+00:00
sm89,NVIDIA L4,0,2,null_rebuild,llama3.2-3b,Q8_0,11.07,11,1535.5,1215.0,1500.0,77.4,78.0,66.08,2026-09-02T19:02:52.838160+00:00
sm89,NVIDIA L4,0,2,null_rebuild,llama3.1-8b,Q4_0,14.30,14,1228.9,765.0,1215.0,77.6,79.0,66.65,2026-09-02T19:03:07.163412+00:00
sm89,NVIDIA L4,0,2,null_rebuild,llama3.1-8b,Q8_0,22.78,22,1348.6,750.0,1335.0,76.7,77.0,66.67,2026-09-02T19:03:29.966734+00:00
sm89,NVIDIA L4,1,0,force_mmq,llama3.2-1b,Q4_0,4.00,4,1800.0,1605.0,1905.0,77.0,78.0,61.01,2026-09-02T19:03:33.993047+00:00
sm89,NVIDIA L4,1,0,force_mmq,llama3.2-1b,Q8_0,5.42,6,1812.5,1605.0,1815.0,75.8,77.0,64.39,2026-09-02T19:03:39.433277+00:00
sm89,NVIDIA L4,1,0,force_mmq,llama3.2-3b,Q4_0,7.88,8,1710.0,1470.0,1770.0,76.2,77.0,66.37,2026-09-02T19:03:47.333850+00:00
sm89,NVIDIA L4,1,0,force_mmq,llama3.2-3b,Q8_0,11.44,12,1635.0,1470.0,1545.0,75.9,77.0,66.33,2026-09-02T19:03:58.796225+00:00
sm89,NVIDIA L4,1,0,force_mmq,llama3.1-8b,Q4_0,14.65,15,1394.0,1215.0,1260.0,76.5,77.0,67.15,2026-09-02T19:04:13.466489+00:00
sm89,NVIDIA L4,1,0,force_mmq,llama3.1-8b,Q8_0,23.19,23,1455.0,1305.0,1350.0,76.3,78.0,66.56,2026-09-02T19:04:36.676160+00:00
sm89,NVIDIA L4,1,1,null_rebuild,llama3.2-1b,Q4_0,3.77,4,1668.8,1350.0,1770.0,77.8,79.0,61.02,2026-09-02T19:04:40.466130+00:00
sm89,NVIDIA L4,1,1,null_rebuild,llama3.2-1b,Q8_0,5.24,6,1765.0,1290.0,2010.0,77.2,78.0,64.64,2026-09-02T19:04:45.725031+00:00
sm89,NVIDIA L4,1,1,null_rebuild,llama3.2-3b,Q4_0,7.42,8,1599.4,1275.0,1500.0,77.4,79.0,64.65,2026-09-02T19:04:53.164855+00:00
sm89,NVIDIA L4,1,1,null_rebuild,llama3.2-3b,Q8_0,11.03,11,1527.3,1260.0,1500.0,76.7,77.0,66.53,2026-09-02T19:05:04.221369+00:00
sm89,NVIDIA L4,1,1,null_rebuild,llama3.1-8b,Q4_0,14.19,14,1342.5,780.0,1260.0,76.5,78.0,66.69,2026-09-02T19:05:18.439491+00:00
sm89,NVIDIA L4,1,1,null_rebuild,llama3.1-8b,Q8_0,22.76,22,1394.3,765.0,1365.0,75.6,76.0,67.22,2026-09-02T19:05:41.228457+00:00
sm89,NVIDIA L4,1,2,selected,llama3.2-1b,Q4_0,3.78,4,1638.8,1170.0,1800.0,76.5,78.0,61.97,2026-09-02T19:05:45.037134+00:00
sm89,NVIDIA L4,1,2,selected,llama3.2-1b,Q8_0,5.26,6,1772.5,1335.0,1980.0,76.0,77.0,64.80,2026-09-02T19:05:50.320420+00:00
sm89,NVIDIA L4,1,2,selected,llama3.2-3b,Q4_0,7.42,8,1614.4,1305.0,1515.0,76.8,78.0,64.85,2026-09-02T19:05:57.766715+00:00
sm89,NVIDIA L4,1,2,selected,llama3.2-3b,Q8_0,11.05,11,1539.5,1260.0,1500.0,76.2,77.0,65.68,2026-09-02T19:06:08.842241+00:00
sm89,NVIDIA L4,1,2,selected,llama3.1-8b,Q4_0,14.25,14,1241.8,765.0,1215.0,76.6,78.0,66.72,2026-09-02T19:06:23.117951+00:00
sm89,NVIDIA L4,1,2,selected,llama3.1-8b,Q8_0,22.75,22,1382.7,705.0,1365.0,76.4,77.0,66.18,2026-09-02T19:06:45.889948+00:00
sm89,NVIDIA L4,2,0,null_rebuild,llama3.2-1b,Q4_0,3.79,4,1631.2,1185.0,1755.0,76.8,78.0,61.96,2026-09-02T19:06:49.699485+00:00
sm89,NVIDIA L4,2,0,null_rebuild,llama3.2-1b,Q8_0,5.24,6,1770.0,1275.0,2025.0,76.5,78.0,63.66,2026-09-02T19:06:54.966105+00:00
sm89,NVIDIA L4,2,0,null_rebuild,llama3.2-3b,Q4_0,7.42,8,1633.1,1305.0,1560.0,77.0,78.0,65.33,2026-09-02T19:07:02.410167+00:00
sm89,NVIDIA L4,2,0,null_rebuild,llama3.2-3b,Q8_0,11.03,11,1530.0,1275.0,1500.0,76.6,77.0,65.64,2026-09-02T19:07:13.464567+00:00
sm89,NVIDIA L4,2,0,null_rebuild,llama3.1-8b,Q4_0,14.22,14,1331.8,750.0,1245.0,76.4,77.0,67.11,2026-09-02T19:07:27.711988+00:00
sm89,NVIDIA L4,2,0,null_rebuild,llama3.1-8b,Q8_0,22.77,22,1369.1,720.0,1365.0,75.8,77.0,66.89,2026-09-02T19:07:50.505110+00:00
sm89,NVIDIA L4,2,1,selected,llama3.2-1b,Q4_0,3.78,4,1635.0,1125.0,1815.0,77.0,78.0,59.45,2026-09-02T19:07:54.313588+00:00
sm89,NVIDIA L4,2,1,selected,llama3.2-1b,Q8_0,5.24,6,1765.0,1290.0,2025.0,76.2,78.0,64.65,2026-09-02T19:07:59.573675+00:00
sm89,NVIDIA L4,2,1,selected,llama3.2-3b,Q4_0,7.44,8,1655.6,1350.0,1590.0,77.0,78.0,65.46,2026-09-02T19:08:07.034251+00:00
sm89,NVIDIA L4,2,1,selected,llama3.2-3b,Q8_0,11.05,11,1531.4,1260.0,1500.0,76.6,77.0,65.81,2026-09-02T19:08:18.110075+00:00
sm89,NVIDIA L4,2,1,selected,llama3.1-8b,Q4_0,14.23,14,1260.0,720.0,1230.0,76.6,78.0,67.00,2026-09-02T19:08:32.364286+00:00
sm89,NVIDIA L4,2,1,selected,llama3.1-8b,Q8_0,22.76,22,1391.6,780.0,1350.0,76.3,77.0,67.21,2026-09-02T19:08:55.146080+00:00
sm89,NVIDIA L4,2,2,force_mmq,llama3.2-1b,Q4_0,3.97,4,1747.5,1560.0,1770.0,77.0,78.0,62.43,2026-09-02T19:08:59.144016+00:00
sm89,NVIDIA L4,2,2,force_mmq,llama3.2-1b,Q8_0,5.44,6,1742.5,1575.0,1650.0,76.2,77.0,63.00,2026-09-02T19:09:04.611053+00:00
sm89,NVIDIA L4,2,2,force_mmq,llama3.2-3b,Q4_0,7.88,8,1721.2,1440.0,1875.0,76.6,78.0,66.61,2026-09-02T19:09:12.513454+00:00
sm89,NVIDIA L4,2,2,force_mmq,llama3.2-3b,Q8_0,11.44,12,1635.0,1425.0,1545.0,76.0,77.0,66.51,2026-09-02T19:09:23.976994+00:00
sm89,NVIDIA L4,2,2,force_mmq,llama3.1-8b,Q4_0,14.67,15,1375.0,1245.0,1260.0,76.5,77.0,67.29,2026-09-02T19:09:38.673800+00:00
sm89,NVIDIA L4,2,2,force_mmq,llama3.1-8b,Q8_0,23.19,23,1448.5,1275.0,1335.0,76.3,78.0,67.09,2026-09-02T19:10:01.889113+00:00
sm89,NVIDIA L4,3,0,selected,llama3.2-1b,Q4_0,3.80,4,1646.2,1185.0,1815.0,77.8,79.0,63.36,2026-09-02T19:10:05.717228+00:00
sm89,NVIDIA L4,3,0,selected,llama3.2-1b,Q8_0,5.26,6,1767.5,1335.0,2010.0,76.8,78.0,62.36,2026-09-02T19:10:10.998507+00:00
sm89,NVIDIA L4,3,0,selected,llama3.2-3b,Q4_0,7.45,8,1614.4,1170.0,1485.0,77.4,78.0,64.83,2026-09-02T19:10:18.471555+00:00
sm89,NVIDIA L4,3,0,selected,llama3.2-3b,Q8_0,11.06,11,1535.5,1290.0,1500.0,76.7,77.0,66.27,2026-09-02T19:10:29.559887+00:00
sm89,NVIDIA L4,3,0,selected,llama3.1-8b,Q4_0,14.21,14,1342.5,855.0,1230.0,76.6,77.0,66.83,2026-09-02T19:10:43.790386+00:00
sm89,NVIDIA L4,3,0,selected,llama3.1-8b,Q8_0,22.80,22,1380.7,750.0,1380.0,75.6,76.0,66.49,2026-09-02T19:11:06.611616+00:00
sm89,NVIDIA L4,3,1,force_mmq,llama3.2-1b,Q4_0,4.01,4,1803.8,1590.0,1905.0,75.8,77.0,61.96,2026-09-02T19:11:10.646657+00:00
sm89,NVIDIA L4,3,1,force_mmq,llama3.2-1b,Q8_0,5.48,6,1745.0,1500.0,1650.0,75.8,77.0,65.32,2026-09-02T19:11:16.153545+00:00
sm89,NVIDIA L4,3,1,force_mmq,llama3.2-3b,Q4_0,7.91,8,1689.4,1470.0,1695.0,76.6,78.0,66.33,2026-09-02T19:11:24.083843+00:00
sm89,NVIDIA L4,3,1,force_mmq,llama3.2-3b,Q8_0,11.46,12,1626.2,1440.0,1530.0,76.2,77.0,66.45,2026-09-02T19:11:35.572653+00:00
sm89,NVIDIA L4,3,1,force_mmq,llama3.1-8b,Q4_0,14.70,15,1373.0,1230.0,1260.0,77.0,78.0,66.83,2026-09-02T19:11:50.292962+00:00
sm89,NVIDIA L4,3,1,force_mmq,llama3.1-8b,Q8_0,23.27,23,1478.5,1275.0,1335.0,76.3,77.0,67.16,2026-09-02T19:12:13.590641+00:00
sm89,NVIDIA L4,3,2,null_rebuild,llama3.2-1b,Q4_0,3.82,4,1680.0,1155.0,1920.0,76.8,78.0,61.38,2026-09-02T19:12:17.436026+00:00
sm89,NVIDIA L4,3,2,null_rebuild,llama3.2-1b,Q8_0,5.24,6,1762.5,1260.0,2010.0,76.7,78.0,64.05,2026-09-02T19:12:22.704302+00:00
sm89,NVIDIA L4,3,2,null_rebuild,llama3.2-3b,Q4_0,7.44,8,1646.2,1380.0,1575.0,77.2,78.0,66.26,2026-09-02T19:12:30.163484+00:00
sm89,NVIDIA L4,3,2,null_rebuild,llama3.2-3b,Q8_0,11.06,11,1530.0,1260.0,1500.0,76.7,77.0,66.51,2026-09-02T19:12:41.248250+00:00
sm89,NVIDIA L4,3,2,null_rebuild,llama3.1-8b,Q4_0,14.26,14,1253.6,810.0,1230.0,76.5,77.0,66.59,2026-09-02T19:12:55.536188+00:00
sm89,NVIDIA L4,3,2,null_rebuild,llama3.1-8b,Q8_0,22.73,22,1358.2,750.0,1350.0,75.6,76.0,67.25,2026-09-02T19:13:18.293631+00:00
sm89,NVIDIA L4,4,0,force_mmq,llama3.2-1b,Q4_0,4.00,4,1785.0,1575.0,1860.0,76.8,78.0,60.54,2026-09-02T19:13:22.315380+00:00
sm89,NVIDIA L4,4,0,force_mmq,llama3.2-1b,Q8_0,5.43,6,1832.5,1620.0,1905.0,76.2,77.0,64.10,2026-09-02T19:13:27.769943+00:00
sm89,NVIDIA L4,4,0,force_mmq,llama3.2-3b,Q4_0,7.91,8,1680.0,1425.0,1725.0,76.6,78.0,63.92,2026-09-02T19:13:35.702711+00:00
sm89,NVIDIA L4,4,0,force_mmq,llama3.2-3b,Q8_0,11.44,12,1632.5,1455.0,1515.0,76.6,78.0,66.08,2026-09-02T19:13:47.171901+00:00
sm89,NVIDIA L4,4,0,force_mmq,llama3.1-8b,Q4_0,14.68,15,1375.0,1230.0,1260.0,77.0,78.0,66.93,2026-09-02T19:14:01.872829+00:00
sm89,NVIDIA L4,4,0,force_mmq,llama3.1-8b,Q8_0,23.19,23,1451.7,1290.0,1335.0,76.3,77.0,66.69,2026-09-02T19:14:25.089501+00:00
sm89,NVIDIA L4,4,1,null_rebuild,llama3.2-1b,Q4_0,3.80,4,1638.8,1170.0,1815.0,77.0,78.0,59.19,2026-09-02T19:14:28.914744+00:00
sm89,NVIDIA L4,4,1,null_rebuild,llama3.2-1b,Q8_0,5.30,6,1772.5,1515.0,1815.0,77.0,78.0,63.37,2026-09-02T19:14:34.234874+00:00
sm89,NVIDIA L4,4,1,null_rebuild,llama3.2-3b,Q4_0,7.44,8,1655.6,1365.0,1515.0,77.1,78.0,64.67,2026-09-02T19:14:41.698778+00:00
sm89,NVIDIA L4,4,1,null_rebuild,llama3.2-3b,Q8_0,11.05,11,1536.8,1245.0,1515.0,76.4,77.0,65.85,2026-09-02T19:14:52.776254+00:00
sm89,NVIDIA L4,4,1,null_rebuild,llama3.1-8b,Q4_0,14.22,14,1310.4,765.0,1230.0,76.4,77.0,66.68,2026-09-02T19:15:07.022855+00:00
sm89,NVIDIA L4,4,1,null_rebuild,llama3.1-8b,Q8_0,22.73,22,1367.0,765.0,1365.0,76.0,77.0,67.08,2026-09-02T19:15:29.779808+00:00
sm89,NVIDIA L4,4,2,selected,llama3.2-1b,Q4_0,3.78,4,1680.0,1380.0,1755.0,77.0,78.0,60.05,2026-09-02T19:15:33.581304+00:00
sm89,NVIDIA L4,4,2,selected,llama3.2-1b,Q8_0,5.23,6,1767.5,1320.0,2025.0,76.2,78.0,64.40,2026-09-02T19:15:38.831631+00:00
sm89,NVIDIA L4,4,2,selected,llama3.2-3b,Q4_0,7.42,8,1642.5,1335.0,1605.0,77.0,78.0,65.16,2026-09-02T19:15:46.273941+00:00
sm89,NVIDIA L4,4,2,selected,llama3.2-3b,Q8_0,11.07,11,1534.1,1245.0,1500.0,76.3,77.0,65.93,2026-09-02T19:15:57.363416+00:00
sm89,NVIDIA L4,4,2,selected,llama3.1-8b,Q4_0,14.25,14,1288.9,795.0,1260.0,76.5,77.0,67.16,2026-09-02T19:16:11.635798+00:00
sm89,NVIDIA L4,4,2,selected,llama3.1-8b,Q8_0,22.77,22,1359.5,705.0,1350.0,76.3,77.0,66.70,2026-09-02T19:16:34.428560+00:00
sm89,NVIDIA L4,5,0,null_rebuild,llama3.2-1b,Q4_0,3.80,4,1665.0,1275.0,1800.0,77.0,78.0,59.73,2026-09-02T19:16:38.248839+00:00
sm89,NVIDIA L4,5,0,null_rebuild,llama3.2-1b,Q8_0,5.23,6,1770.0,1275.0,2010.0,76.5,78.0,64.61,2026-09-02T19:16:43.501060+00:00
sm89,NVIDIA L4,5,0,null_rebuild,llama3.2-3b,Q4_0,7.43,8,1620.0,1305.0,1605.0,77.2,78.0,65.51,2026-09-02T19:16:50.951932+00:00
sm89,NVIDIA L4,5,0,null_rebuild,llama3.2-3b,Q8_0,11.04,11,1538.2,1245.0,1500.0,76.5,77.0,65.86,2026-09-02T19:17:02.017529+00:00
sm89,NVIDIA L4,5,0,null_rebuild,llama3.1-8b,Q4_0,14.22,14,1327.5,735.0,1215.0,76.6,78.0,65.92,2026-09-02T19:17:16.262530+00:00
sm89,NVIDIA L4,5,0,null_rebuild,llama3.1-8b,Q8_0,22.75,22,1387.5,720.0,1365.0,76.2,77.0,67.01,2026-09-02T19:17:39.037481+00:00
sm89,NVIDIA L4,5,1,selected,llama3.2-1b,Q4_0,3.78,4,1698.8,1440.0,1770.0,77.0,78.0,59.42,2026-09-02T19:17:42.842871+00:00
sm89,NVIDIA L4,5,1,selected,llama3.2-1b,Q8_0,5.23,6,1777.5,1290.0,2025.0,76.2,78.0,63.87,2026-09-02T19:17:48.098273+00:00
sm89,NVIDIA L4,5,1,selected,llama3.2-3b,Q4_0,7.45,8,1635.0,1395.0,1500.0,76.9,78.0,65.96,2026-09-02T19:17:55.570268+00:00
sm89,NVIDIA L4,5,1,selected,llama3.2-3b,Q8_0,11.03,11,1534.1,1275.0,1515.0,76.6,77.0,65.94,2026-09-02T19:18:06.622716+00:00
sm89,NVIDIA L4,5,1,selected,llama3.1-8b,Q4_0,14.22,14,1309.3,750.0,1245.0,76.6,78.0,66.91,2026-09-02T19:18:20.865370+00:00
sm89,NVIDIA L4,5,1,selected,llama3.1-8b,Q8_0,22.80,22,1345.9,705.0,1350.0,76.0,77.0,66.21,2026-09-02T19:18:43.688124+00:00
sm89,NVIDIA L4,5,2,force_mmq,llama3.2-1b,Q4_0,3.97,4,1747.5,1560.0,1755.0,77.0,78.0,62.22,2026-09-02T19:18:47.686868+00:00
sm89,NVIDIA L4,5,2,force_mmq,llama3.2-1b,Q8_0,5.41,6,1837.5,1605.0,1935.0,76.3,77.0,63.94,2026-09-02T19:18:53.125856+00:00
sm89,NVIDIA L4,5,2,force_mmq,llama3.2-3b,Q4_0,7.88,8,1723.1,1455.0,1875.0,76.8,78.0,66.89,2026-09-02T19:19:01.033399+00:00
sm89,NVIDIA L4,5,2,force_mmq,llama3.2-3b,Q8_0,11.44,12,1642.5,1470.0,1545.0,76.0,77.0,66.77,2026-09-02T19:19:12.495790+00:00
sm89,NVIDIA L4,5,2,force_mmq,llama3.1-8b,Q4_0,14.66,15,1369.0,1215.0,1260.0,76.5,77.0,67.35,2026-09-02T19:19:27.179307+00:00
sm89,NVIDIA L4,5,2,force_mmq,llama3.1-8b,Q8_0,23.17,23,1449.8,1275.0,1350.0,76.2,77.0,66.71,2026-09-02T19:19:50.374700+00:00
