t,sm_mhz,mem_mhz,power_w,temp_c,util_pct,reasons
1791335497.240,2025,6251,67.052,76,37,0x4
1791335497.340,2025,6251,63.731,75,37,0x4
1791335497.440,2025,6251,60.013,75,0,0x4
1791335497.540,2040,6251,56.854,75,0,0x0
1791335497.640,2040,6251,53.516,75,3,0x0
1791335497.740,2040,6251,50.240,75,3,0x0
1791335497.840,2040,6251,47.045,75,0,0x0
1791335497.940,2040,6251,43.675,75,0,0x0
1791335498.040,2040,6251,40.337,75,0,0x0
1791335498.140,2040,6251,36.998,75,0,0x0
1791335498.240,2040,6251,36.416,75,0,0x0
1791335498.340,2040,6251,36.310,75,0,0x0
1791335498.440,2040,6251,36.461,75,38,0x0
1791335498.540,2040,6251,36.604,75,38,0x0
1791335498.640,2040,6251,36.648,75,39,0x0
1791335498.740,2040,6251,36.791,75,39,0x0
1791335498.840,2040,6251,36.926,74,39,0x0
1791335498.940,2040,6251,37.088,74,39,0x0
1791335499.040,2040,6251,37.250,74,38,0x0
1791335499.140,2040,6251,37.403,74,38,0x0
1791335499.240,2040,6251,37.564,74,39,0x0
1791335499.340,2040,6251,37.726,74,39,0x0
1791335499.440,2040,6251,37.726,74,39,0x0
1791335499.540,2040,6251,37.728,74,39,0x0
1791335499.640,2040,6251,37.710,74,39,0x0
1791335499.740,2040,6251,37.694,74,39,0x0
1791335499.840,2040,6251,37.685,74,39,0x0
1791335499.940,2040,6251,37.676,74,39,0x0
1791335500.040,2040,6251,37.514,74,27,0x0
1791335500.140,2040,6251,37.334,74,27,0x0
1791335500.240,2040,6251,38.773,74,11,0x0
1791335500.340,1500,6251,42.519,75,11,0x4
1791335500.440,1485,6251,45.901,76,99,0x4
1791335500.540,1440,6251,49.149,76,99,0x4
1791335500.640,1455,6251,52.495,76,100,0x4
1791335500.740,1455,6251,55.816,76,100,0x4
1791335500.840,1470,6251,59.065,76,100,0x4
1791335500.940,1470,6251,62.321,76,100,0x4
1791335501.040,1365,6251,65.570,76,100,0x4
1791335501.140,1290,6251,68.660,76,100,0x4
1791335501.240,1305,6251,71.704,76,100,0x4
1791335501.340,1545,6251,72.826,75,100,0x4
1791335501.440,1275,6251,72.105,76,100,0x4
1791335501.540,1350,6251,71.882,76,100,0x4
1791335501.640,1380,6251,71.935,76,100,0x4
1791335501.740,1380,6251,71.819,76,100,0x4
1791335501.840,1380,6251,71.774,76,100,0x4
1791335501.940,1395,6251,71.783,76,100,0x4
1791335502.040,1335,6251,71.729,76,100,0x4
1791335502.140,1260,6251,71.541,76,100,0x4
1791335502.240,1230,6251,71.519,76,100,0x4
1791335502.340,1245,6251,71.622,76,100,0x4
1791335502.440,1305,6251,72.111,76,100,0x4
1791335502.540,1560,6251,72.913,76,100,0x4
1791335502.640,1395,6251,73.226,76,94,0x4
1791335502.740,1350,6251,73.118,76,94,0x4
1791335502.840,1380,6251,73.136,76,100,0x4
1791335502.940,1380,6251,73.074,76,100,0x4
1791335503.040,1320,6251,72.966,76,100,0x4
1791335503.140,1260,6251,72.715,76,100,0x4
1791335503.240,1260,6251,72.630,76,100,0x4
1791335503.340,1260,6251,72.621,76,100,0x4
1791335503.440,1260,6251,72.644,76,100,0x4
1791335503.540,1365,6251,72.769,76,100,0x4
1791335503.640,1380,6251,72.147,76,100,0x4
1791335503.740,1635,6251,71.762,76,100,0x4
1791335503.840,1395,6251,71.964,76,94,0x4
1791335503.940,1365,6251,71.946,76,94,0x4
1791335504.040,1335,6251,72.009,76,100,0x4
1791335504.140,1290,6251,71.946,76,100,0x4
1791335504.240,1275,6251,71.883,76,100,0x4
1791335504.340,1260,6251,71.879,76,100,0x4
1791335504.440,1290,6251,71.915,76,100,0x4
1791335504.540,1335,6251,72.103,76,100,0x4
1791335504.640,1275,6251,71.942,76,100,0x4
1791335504.740,1365,6251,71.897,76,100,0x4
1791335504.840,1380,6251,72.068,76,100,0x4
1791335504.940,1605,6251,70.887,76,100,0x4
1791335505.040,1470,6251,71.349,76,85,0x4
1791335505.140,1350,6251,71.223,76,85,0x4
1791335505.240,1290,6251,71.116,76,99,0x4
1791335505.340,1290,6251,71.241,76,99,0x4
1791335505.440,1320,6251,71.411,76,100,0x4
1791335505.540,1320,6251,71.555,76,100,0x4
1791335505.640,1320,6251,71.447,76,99,0x4
1791335505.740,1380,6251,71.707,76,99,0x4
1791335505.840,1290,6251,71.572,76,100,0x4
1791335505.940,1365,6251,71.340,76,100,0x4
1791335506.040,1380,6251,72.363,76,100,0x4
1791335506.140,1350,6251,71.785,76,100,0x4
1791335506.240,1545,6251,71.615,76,83,0x4
1791335506.340,1320,6251,71.758,76,83,0x4
1791335506.440,1335,6251,71.883,76,99,0x4
1791335506.540,1305,6251,71.821,76,99,0x4
1791335506.640,1335,6251,71.856,76,99,0x4
1791335506.740,1350,6251,71.865,76,99,0x4
1791335506.840,1320,6251,71.695,76,100,0x4
1791335506.940,1350,6251,71.794,76,100,0x4
1791335507.040,1275,6251,71.955,76,100,0x4
1791335507.140,1290,6251,71.651,76,100,0x4
1791335507.240,1350,6251,71.758,76,100,0x4
1791335507.340,1335,6251,71.955,76,100,0x4
1791335507.440,1590,6251,71.937,76,88,0x4
1791335507.540,1320,6251,72.215,76,88,0x4
1791335507.640,1290,6251,72.215,76,99,0x4
1791335507.740,1350,6251,72.251,76,99,0x4
1791335507.840,1350,6251,72.331,76,100,0x4
1791335507.940,1350,6251,72.358,76,100,0x4
1791335508.040,1320,6251,72.358,76,100,0x4
1791335508.140,1335,6251,72.242,76,100,0x4
1791335508.240,1350,6251,72.421,76,99,0x4
1791335508.340,1260,6251,72.107,76,99,0x4
1791335508.440,1380,6251,72.134,76,100,0x4
1791335508.540,1365,6251,72.215,76,100,0x4
1791335508.640,1320,6251,71.973,76,99,0x4
1791335508.740,1500,6251,72.604,76,99,0x4
1791335508.840,1335,6251,72.551,77,99,0x4
1791335508.940,1335,6251,72.533,76,99,0x4
1791335509.040,1335,6251,72.497,76,99,0x4
1791335509.140,1335,6251,72.533,76,99,0x4
1791335509.240,1305,6251,72.578,76,100,0x4
1791335509.340,1335,6251,72.587,76,100,0x4
1791335509.440,1350,6251,72.882,76,100,0x4
1791335509.540,1275,6251,72.671,76,100,0x4
1791335509.640,1350,6251,72.545,76,100,0x4
1791335509.740,1380,6251,72.563,76,100,0x4
1791335509.840,1350,6251,72.066,76,100,0x4
1791335509.940,1590,6251,72.840,76,100,0x4
1791335510.040,1350,6251,73.011,77,93,0x4
1791335510.140,1290,6251,73.091,77,93,0x4
1791335510.240,1305,6251,73.145,77,99,0x4
1791335510.340,1290,6251,73.118,76,99,0x4
1791335510.440,1290,6251,73.208,76,99,0x4
1791335510.540,1275,6251,72.934,77,99,0x4
1791335510.640,1305,6251,73.181,76,100,0x4
1791335510.740,1305,6251,73.235,77,100,0x4
1791335510.840,1215,6251,72.943,76,100,0x4
1791335510.940,1350,6251,72.835,76,100,0x4
1791335511.040,1350,6251,72.236,77,100,0x4
1791335511.140,1335,6251,72.048,77,100,0x4
1791335511.240,1605,6251,71.249,76,82,0x4
1791335511.340,1320,6251,71.312,77,82,0x4
1791335511.440,1305,6251,71.205,77,99,0x4
1791335511.540,1320,6251,71.151,77,99,0x4
1791335511.640,1275,6251,71.299,77,100,0x4
1791335511.740,1245,6251,71.022,77,100,0x4
1791335511.840,1275,6251,70.986,77,100,0x4
1791335511.940,1305,6251,71.269,77,100,0x4
1791335512.040,1260,6251,71.376,77,99,0x4
1791335512.140,1260,6251,70.918,77,99,0x4
1791335512.240,1350,6251,71.053,77,100,0x4
1791335512.340,1335,6251,71.780,77,100,0x4
1791335512.440,1320,6251,71.699,77,99,0x4
1791335512.540,1515,6251,72.393,76,99,0x4
1791335512.640,1305,6251,72.438,77,99,0x4
1791335512.740,1275,6251,72.420,77,99,0x4
1791335512.840,1290,6251,72.528,77,99,0x4
1791335512.940,1335,6251,72.590,77,99,0x4
1791335513.040,1275,6251,72.474,77,99,0x4
1791335513.140,1290,6251,72.286,77,99,0x4
1791335513.240,1335,6251,72.703,77,100,0x4
1791335513.340,1245,6251,72.443,77,100,0x4
1791335513.440,1290,6251,72.390,77,99,0x4
1791335513.540,1350,6251,72.542,77,99,0x4
1791335513.640,1290,6251,72.000,77,100,0x4
1791335513.740,1290,6251,71.901,77,100,0x4
1791335513.840,1425,6251,72.649,77,82,0x4
1791335513.940,1275,6251,72.568,77,82,0x4
1791335514.040,1290,6251,72.586,77,100,0x4
1791335514.140,1320,6251,72.595,77,100,0x4
1791335514.240,1290,6251,72.783,77,100,0x4
1791335514.340,1275,6251,72.452,77,100,0x4
1791335514.440,1335,6251,72.622,77,99,0x4
1791335514.540,1350,6251,72.891,77,99,0x4
1791335514.640,1200,6251,72.473,77,99,0x4
1791335514.740,1320,6251,72.465,77,99,0x4
1791335514.840,1320,6251,72.527,77,99,0x4
1791335514.940,1290,6251,71.806,77,99,0x4
1791335515.040,1575,6251,70.598,77,93,0x4
1791335515.140,1425,6251,71.005,77,93,0x4
1791335515.240,1290,6251,71.104,77,100,0x4
1791335515.340,1305,6251,71.059,77,100,0x4
1791335515.440,1290,6251,71.238,77,100,0x4
1791335515.540,1290,6251,71.148,77,100,0x4
1791335515.640,1290,6251,70.871,77,99,0x4
1791335515.740,1290,6251,71.019,77,99,0x4
1791335515.840,1320,6251,71.037,77,99,0x4
1791335515.940,1230,6251,70.894,77,99,0x4
1791335516.040,1335,6251,71.019,77,99,0x4
1791335516.140,1320,6251,72.389,77,99,0x4
1791335516.240,1290,6251,71.910,77,100,0x4
1791335516.340,1665,6251,69.646,77,100,0x4
1791335516.440,1395,6251,70.049,77,93,0x4
1791335516.540,1290,6251,70.157,77,93,0x4
1791335516.640,1290,6251,70.076,77,99,0x4
1791335516.740,1335,6251,70.220,77,99,0x4
1791335516.840,1320,6251,70.363,77,99,0x4
1791335516.940,1260,6251,70.184,77,99,0x4
1791335517.040,1320,6251,70.390,77,100,0x4
1791335517.140,1305,6251,70.291,77,100,0x4
1791335517.240,1200,6251,70.166,77,100,0x4
1791335517.340,1320,6251,70.023,77,100,0x4
1791335517.440,1350,6251,72.349,77,100,0x4
1791335517.540,1290,6251,71.991,77,100,0x4
1791335517.640,1665,6251,69.271,77,85,0x4
1791335517.740,1395,6251,69.719,77,85,0x4
1791335517.840,1320,6251,69.764,77,100,0x4
1791335517.940,1335,6251,69.621,77,100,0x4
1791335518.040,1320,6251,69.889,77,100,0x4
1791335518.140,1320,6251,69.907,77,100,0x4
1791335518.240,1260,6251,69.782,77,100,0x4
1791335518.340,1275,6251,69.818,77,100,0x4
1791335518.440,1335,6251,69.997,77,99,0x4
1791335518.540,1200,6251,69.791,77,99,0x4
1791335518.640,1305,6251,69.508,77,99,0x4
1791335518.740,1365,6251,72.308,77,99,0x4
1791335518.840,1305,6251,72.075,77,99,0x4
1791335518.940,1680,6251,69.515,77,99,0x4
1791335519.040,1395,6251,69.945,77,93,0x4
1791335519.140,1305,6251,69.989,77,93,0x4
1791335519.240,1305,6251,69.703,77,99,0x4
1791335519.340,1305,6251,69.757,77,99,0x4
1791335519.440,1290,6251,69.855,77,99,0x4
1791335519.540,1275,6251,69.784,77,99,0x4
1791335519.640,1275,6251,69.757,77,99,0x4
1791335519.740,1335,6251,69.905,77,99,0x4
1791335519.840,1260,6251,69.673,77,99,0x4
1791335519.940,1350,6251,69.762,77,99,0x4
1791335520.040,1335,6251,72.322,77,99,0x4
1791335520.140,1290,6251,72.009,77,99,0x4
1791335520.240,1620,6251,70.101,77,92,0x4
1791335520.340,2025,6251,67.979,76,92,0x4
