ne11,rounds,selected,force_mmq,cutoff7,null_rebuild,force_mmq/selected,force_mmq/selected_gm,force_mmq/selected_lo,force_mmq/selected_hi,force_mmq_wins,cutoff7/selected,cutoff7/selected_gm,cutoff7/selected_lo,cutoff7/selected_hi,cutoff7_wins,null_rebuild/selected,null_rebuild/selected_gm,null_rebuild/selected_lo,null_rebuild/selected_hi,null_rebuild_wins
1,6,29.35982,29.35545,29.35504,29.34995,0.99985,0.99985,0.99978,0.99993,1,0.99984,0.99989,0.99979,0.99999,1,0.99966,0.99975,0.99953,0.99993,1
2,6,56.51192,48.08329,56.50238,56.49592,0.85085,0.85095,0.85071,0.85118,0,0.99983,0.99995,0.99966,1.00026,3,0.99972,0.99983,0.99953,1.00023,1
3,6,83.85005,71.77953,83.81847,83.83007,0.85605,0.85600,0.85580,0.85624,0,0.99962,0.99958,0.99908,1.00006,2,0.99976,0.99966,0.99924,1.00011,2
4,6,111.71920,95.43247,111.70262,111.71664,0.85422,0.85416,0.85389,0.85438,0,0.99985,0.99991,0.99969,1.00010,2,0.99998,0.99996,0.99981,1.00014,2
5,6,134.21140,118.37639,134.15677,134.17285,0.88201,0.88204,0.88191,0.88222,0,0.99959,0.99968,0.99954,0.99984,0,0.99971,0.99974,0.99955,0.99996,1
6,6,159.78494,141.78884,159.77703,159.79383,0.88737,0.88728,0.88691,0.88766,0,0.99995,0.99993,0.99958,1.00021,4,1.00006,0.99987,0.99925,1.00032,3
7,6,174.81683,164.81872,174.18968,174.62479,0.94281,0.94314,0.94082,0.94532,0,0.99641,0.99775,0.99576,0.99993,2,0.99890,1.00013,0.99547,1.00520,2
8,6,185.09339,187.78638,187.64173,184.87793,1.01455,1.01437,1.01198,1.01662,6,1.01377,1.01362,1.01135,1.01581,6,0.99884,0.99905,0.99623,1.00273,2
9,6,203.78146,204.07332,203.80326,203.78480,1.00143,1.00140,1.00095,1.00184,6,1.00011,1.00006,0.99974,1.00037,4,1.00002,0.99993,0.99954,1.00028,3
10,6,226.08969,226.23957,226.04351,226.02487,1.00066,1.00044,0.99990,1.00079,5,0.99980,0.99988,0.99977,0.99999,2,0.99971,0.99974,0.99946,1.00000,3
11,6,247.74692,248.02895,247.63716,247.70337,1.00114,1.00105,1.00069,1.00130,6,0.99956,0.99955,0.99938,0.99969,0,0.99982,0.99995,0.99967,1.00020,3
12,6,269.80536,269.87496,269.67977,269.76669,1.00026,1.00029,0.99995,1.00070,4,0.99953,0.99963,0.99940,0.99986,1,0.99986,0.99994,0.99974,1.00021,1
13,6,290.81068,290.82931,290.76405,290.78006,1.00006,1.00019,0.99986,1.00053,3,0.99984,0.99998,0.99978,1.00018,3,0.99989,0.99986,0.99940,1.00022,2
14,6,312.34522,312.56274,312.28670,312.25848,1.00070,1.00058,1.00037,1.00081,6,0.99981,0.99987,0.99974,1.00003,1,0.99972,0.99968,0.99944,0.99991,1
15,6,333.84230,333.97598,333.81552,333.80664,1.00040,1.00020,0.99974,1.00063,4,0.99992,0.99978,0.99936,1.00014,3,0.99989,0.99972,0.99940,0.99999,1
16,6,355.84147,355.90750,355.80084,355.88777,1.00019,1.00004,0.99958,1.00041,4,0.99989,0.99988,0.99954,1.00031,1,1.00013,1.00005,0.99983,1.00028,3
