model,quant,world,n,paired_gm,ci95_low,ci95_high,wins,paired_null_floor_n2_to_8,first_above_null_floor_n2_to_8
8b,Q4_0,force_mmq,1,0.9999387813740936,0.999711073396758,1.0001931875921928,3,0.00013143403517967833,8
8b,Q4_0,force_mmq,2,0.5184575547368631,0.5183509333901004,0.5185537598653942,0,0.00013143403517967833,8
8b,Q4_0,force_mmq,3,0.6047168871408657,0.604613809386572,0.6048273408217982,0,0.00013143403517967833,8
8b,Q4_0,force_mmq,4,0.7123413777097695,0.7121849668081157,0.7124966704134503,0,0.00013143403517967833,8
8b,Q4_0,force_mmq,5,0.7809302975104983,0.7808315228792009,0.7810368767391617,0,0.00013143403517967833,8
8b,Q4_0,force_mmq,6,0.8743363987286694,0.8741485125155818,0.8745112142422997,0,0.00013143403517967833,8
8b,Q4_0,force_mmq,7,0.9757976446984377,0.9756731506678945,0.9759253912046266,0,0.00013143403517967833,8
8b,Q4_0,force_mmq,8,1.0711582393866341,1.0708716677594157,1.0713995898995803,6,0.00013143403517967833,8
8b,Q4_0,force_mmq,9,1.0000840225412033,0.9998534237135809,1.0003827709505968,3,0.00013143403517967833,8
8b,Q4_0,force_mmq,10,0.9992696162707752,0.9990526806090592,0.9995219268504543,0,0.00013143403517967833,8
8b,Q4_0,force_mmq,11,0.9996189380003425,0.9994765250823766,0.9997673791439324,0,0.00013143403517967833,8
8b,Q4_0,force_mmq,12,1.0004469126203852,1.0002367397516692,1.0007028181352273,6,0.00013143403517967833,8
8b,Q4_0,force_mmq,13,0.9996878505750075,0.9995230003664038,0.9999114960535908,1,0.00013143403517967833,8
8b,Q4_0,force_mmq,14,0.9999165104063908,0.9994839102557035,1.0003129672182527,3,0.00013143403517967833,8
8b,Q4_0,force_mmq,15,1.0000533653265329,0.9996770217867904,1.0004020968966343,3,0.00013143403517967833,8
8b,Q4_0,force_mmq,16,0.9993850946323554,0.9990307535959853,0.9996553627747065,0,0.00013143403517967833,8
8b,Q4_0,cutoff7,1,1.0000673784608283,0.999910565763195,1.0002403996403901,3,0.00013143403517967833,2
8b,Q4_0,cutoff7,2,1.0001582166773075,0.999790562939499,1.0005282593711051,3,0.00013143403517967833,2
8b,Q4_0,cutoff7,3,1.0001039790415942,1.000008868621761,1.0001990985073392,4,0.00013143403517967833,2
8b,Q4_0,cutoff7,4,1.0000897505058188,0.9998557851340983,1.000335219383955,3,0.00013143403517967833,2
8b,Q4_0,cutoff7,5,1.0000755089049271,0.9998140972838873,1.0002925902975743,4,0.00013143403517967833,2
8b,Q4_0,cutoff7,6,1.0000385769326827,0.9998358315666296,1.0001888343984908,5,0.00013143403517967833,2
8b,Q4_0,cutoff7,7,0.9999428283481531,0.9997173819016294,1.0001512368938665,3,0.00013143403517967833,2
8b,Q4_0,cutoff7,8,1.0706259155416,1.0703814677642614,1.0708969999852027,6,0.00013143403517967833,2
8b,Q4_0,cutoff7,9,1.0009990755491636,1.0006706192904118,1.0013194078235705,6,0.00013143403517967833,2
8b,Q4_0,cutoff7,10,1.0003027892654301,1.0000219231177212,1.0005522891926795,5,0.00013143403517967833,2
8b,Q4_0,cutoff7,11,1.0002203499090117,0.9999589654300534,1.0005056851590188,4,0.00013143403517967833,2
8b,Q4_0,cutoff7,12,0.9999325746449068,0.9996344225554274,1.000271819633259,2,0.00013143403517967833,2
8b,Q4_0,cutoff7,13,0.99994557886468,0.99966637500094,1.0002294621046597,3,0.00013143403517967833,2
8b,Q4_0,cutoff7,14,0.999978274582962,0.9995835589887468,1.0003400003134089,3,0.00013143403517967833,2
8b,Q4_0,cutoff7,15,1.0007458654840373,1.0006484586711122,1.0008446179791624,6,0.00013143403517967833,2
8b,Q4_0,cutoff7,16,1.000383877701654,1.0001728574887476,1.0005542693229414,5,0.00013143403517967833,2
8b,Q4_0,null_rebuild,1,0.9999306007254205,0.9995706269943742,1.0002620149107497,3,0.00013143403517967833,
8b,Q4_0,null_rebuild,2,0.9999684543171588,0.9997977696628046,1.0001670471571131,2,0.00013143403517967833,
8b,Q4_0,null_rebuild,3,1.000098236028072,0.9998028481700452,1.0003855926559089,4,0.00013143403517967833,
8b,Q4_0,null_rebuild,4,1.0001210875793367,0.999875767449034,1.0003734613402053,3,0.00013143403517967833,
8b,Q4_0,null_rebuild,5,1.0001314340351797,0.9997798657267388,1.0004498824209644,4,0.00013143403517967833,
8b,Q4_0,null_rebuild,6,1.0000776816026364,0.9999044279269979,1.000251761140534,3,0.00013143403517967833,
8b,Q4_0,null_rebuild,7,0.9999347033177206,0.9996692150913683,1.0001167185137212,3,0.00013143403517967833,
8b,Q4_0,null_rebuild,8,1.000104092506887,0.9997402821635889,1.0004149392784776,4,0.00013143403517967833,
8b,Q4_0,null_rebuild,9,1.0001597778172138,0.9997335042210305,1.0004841528590105,5,0.00013143403517967833,
8b,Q4_0,null_rebuild,10,1.0000710098257837,0.9996889409251278,1.0004117817878173,4,0.00013143403517967833,
8b,Q4_0,null_rebuild,11,1.0000320716713977,0.9997142244778976,1.0004031883611515,3,0.00013143403517967833,
8b,Q4_0,null_rebuild,12,0.9999990784243235,0.9996459925824905,1.000367137696812,3,0.00013143403517967833,
8b,Q4_0,null_rebuild,13,1.0000997937729352,0.9997290928196432,1.0003872962458265,5,0.00013143403517967833,
8b,Q4_0,null_rebuild,14,1.0001824393375007,0.9997177776162657,1.0005867567962816,4,0.00013143403517967833,
8b,Q4_0,null_rebuild,15,1.0000987514014446,0.9997532949054149,1.000336788446212,5,0.00013143403517967833,
8b,Q4_0,null_rebuild,16,0.9999876193948234,0.9996060532482174,1.0002964825182739,5,0.00013143403517967833,
8b,Q8_0,force_mmq,1,0.9999825591944199,0.9998595205487998,1.000083112326961,4,0.00022243882455208475,7
8b,Q8_0,force_mmq,2,0.7099095012547271,0.7097255065816099,0.7101098772905471,0,0.00022243882455208475,7
8b,Q8_0,force_mmq,3,0.7256381473457182,0.725537161227431,0.7257391475200686,0,0.00022243882455208475,7
8b,Q8_0,force_mmq,4,0.7635931971726267,0.7635106466797865,0.7636838558745951,0,0.00022243882455208475,7
8b,Q8_0,force_mmq,5,0.8307767721800932,0.8306316359673175,0.8309120586409425,0,0.00022243882455208475,7
8b,Q8_0,force_mmq,6,0.9364246157608522,0.936326490728433,0.9365074862614258,0,0.00022243882455208475,7
8b,Q8_0,force_mmq,7,1.012933915452232,1.0127063598686077,1.0131544430252624,6,0.00022243882455208475,7
8b,Q8_0,force_mmq,8,1.11462540109424,1.1143200694617725,1.115051723230638,6,0.00022243882455208475,7
8b,Q8_0,force_mmq,9,0.9998936325372179,0.9995991063131737,1.0001660707803175,3,0.00022243882455208475,7
8b,Q8_0,force_mmq,10,0.9981855632718887,0.997959307875365,0.9984110441088191,0,0.00022243882455208475,7
8b,Q8_0,force_mmq,11,0.9986814023226833,0.9983679287091173,0.9988994196572607,0,0.00022243882455208475,7
8b,Q8_0,force_mmq,12,0.9990122469387641,0.9989066484106404,0.9991291847828773,0,0.00022243882455208475,7
8b,Q8_0,force_mmq,13,0.9987975973772324,0.9986163392683944,0.9990378246113726,0,0.00022243882455208475,7
8b,Q8_0,force_mmq,14,0.9994698404429254,0.999327916539389,0.9996249311984674,0,0.00022243882455208475,7
8b,Q8_0,force_mmq,15,0.9990393163983423,0.9988795778557876,0.9992236016702232,0,0.00022243882455208475,7
8b,Q8_0,force_mmq,16,0.9982245356976353,0.9980782156575211,0.998410340176526,0,0.00022243882455208475,7
8b,Q8_0,cutoff7,1,1.0000091663268478,0.9998869931627676,1.0001013026546746,5,0.00022243882455208475,8
8b,Q8_0,cutoff7,2,0.9999100723697923,0.999634928394187,1.0001916956084618,2,0.00022243882455208475,8
8b,Q8_0,cutoff7,3,1.000038888044551,0.9998554871791736,1.0002392353486895,3,0.00022243882455208475,8
8b,Q8_0,cutoff7,4,1.0001350367523199,0.9999542287081145,1.000306554909339,4,0.00022243882455208475,8
8b,Q8_0,cutoff7,5,1.0000404696014742,0.9998769881755197,1.0001528606367627,5,0.00022243882455208475,8
8b,Q8_0,cutoff7,6,1.000085858747775,0.999984982552201,1.0001879164862475,4,0.00022243882455208475,8
8b,Q8_0,cutoff7,7,0.9999892322150462,0.9998120751915593,1.000231308864571,2,0.00022243882455208475,8
8b,Q8_0,cutoff7,8,1.1139071059988146,1.113731187249277,1.1141458236297208,6,0.00022243882455208475,8
8b,Q8_0,cutoff7,9,1.000754160288174,1.000638463836754,1.000876373053436,6,0.00022243882455208475,8
8b,Q8_0,cutoff7,10,0.9998952373953751,0.9997858572754609,1.0000059770758598,1,0.00022243882455208475,8
8b,Q8_0,cutoff7,11,1.0002788568876697,1.0001606981938298,1.000420183740359,6,0.00022243882455208475,8
8b,Q8_0,cutoff7,12,1.00026844802204,1.0001480666942018,1.0003619330071012,5,0.00022243882455208475,8
8b,Q8_0,cutoff7,13,1.0003115283702082,1.0001342029855969,1.0005122310923116,6,0.00022243882455208475,8
8b,Q8_0,cutoff7,14,1.0006057017464565,1.000538631758632,1.0006759658235798,6,0.00022243882455208475,8
8b,Q8_0,cutoff7,15,1.0008228389643343,1.000683862907735,1.0009780506119184,6,0.00022243882455208475,8
8b,Q8_0,cutoff7,16,0.999840033282065,0.998972956811639,1.0003762166004768,4,0.00022243882455208475,8
8b,Q8_0,null_rebuild,1,0.9998521432252107,0.9997582468079195,0.9999427776131176,0,0.00022243882455208475,
8b,Q8_0,null_rebuild,2,0.99986792637832,0.9997035625563218,1.0000135012967493,2,0.00022243882455208475,
8b,Q8_0,null_rebuild,3,0.9997775611754479,0.99949928305067,1.0001189249809652,1,0.00022243882455208475,
8b,Q8_0,null_rebuild,4,0.9999253408343487,0.9997377979489502,1.0001262066946428,2,0.00022243882455208475,
8b,Q8_0,null_rebuild,5,1.0000324698669247,0.9998478922849936,1.0002177134886492,3,0.00022243882455208475,
8b,Q8_0,null_rebuild,6,1.0000036560762504,0.9998181898989226,1.0001850950291356,4,0.00022243882455208475,
8b,Q8_0,null_rebuild,7,0.9998785487022784,0.9997163836315486,1.0000440695668509,2,0.00022243882455208475,
8b,Q8_0,null_rebuild,8,1.0000076021649367,0.9998610424098161,1.0002108807822152,3,0.00022243882455208475,
8b,Q8_0,null_rebuild,9,1.000005939808802,0.9999089581025167,1.00012591317877,3,0.00022243882455208475,
8b,Q8_0,null_rebuild,10,0.9999651144496612,0.999862493913004,1.000057978996688,3,0.00022243882455208475,
8b,Q8_0,null_rebuild,11,1.0000052552493568,0.9999015175050981,1.0001290837964807,2,0.00022243882455208475,
8b,Q8_0,null_rebuild,12,0.9999214870877794,0.9998520769734438,1.0000063932348306,1,0.00022243882455208475,
8b,Q8_0,null_rebuild,13,0.999947942802675,0.9998282474693764,1.000072908689067,2,0.00022243882455208475,
8b,Q8_0,null_rebuild,14,1.0001961822787748,1.000086588388018,1.000298135246209,5,0.00022243882455208475,
8b,Q8_0,null_rebuild,15,0.9999650877880056,0.9997802508269779,1.0001451066990295,3,0.00022243882455208475,
8b,Q8_0,null_rebuild,16,1.0000911797258085,0.9999668266552802,1.0002360741679626,4,0.00022243882455208475,
3b,Q4_0,force_mmq,1,0.9990851332140517,0.9980937527289662,0.9998759300978232,1,0.00035817329430054556,
3b,Q4_0,force_mmq,2,0.5228064572384415,0.5225338681751988,0.5230098127585561,0,0.00035817329430054556,
3b,Q4_0,force_mmq,3,0.597577465677076,0.597535966190844,0.5976187663319458,0,0.00035817329430054556,
3b,Q4_0,force_mmq,4,0.671924488463264,0.6717403231741627,0.6721337882039395,0,0.00035817329430054556,
3b,Q4_0,force_mmq,5,0.7363485550971527,0.7361429132890003,0.7365286682719442,0,0.00035817329430054556,
3b,Q4_0,force_mmq,6,0.8103225600901935,0.8100725587622551,0.8105767329798337,0,0.00035817329430054556,
3b,Q4_0,force_mmq,7,0.886305763996458,0.8860772389734971,0.8865706641054729,0,0.00035817329430054556,
3b,Q4_0,force_mmq,8,0.9725265466276509,0.9723573347997637,0.9726925167612472,0,0.00035817329430054556,
3b,Q4_0,force_mmq,9,1.0005000756912452,1.0001477634833302,1.0008190108550197,5,0.00035817329430054556,
3b,Q4_0,force_mmq,10,0.9991147505981578,0.9989805213764245,0.9992832709105631,0,0.00035817329430054556,
3b,Q4_0,force_mmq,11,0.9994193696374516,0.999291325796162,0.999539094669352,0,0.00035817329430054556,
3b,Q4_0,force_mmq,12,0.9997280452054144,0.9995522203084303,0.9999320482978747,1,0.00035817329430054556,
3b,Q4_0,force_mmq,13,0.9992477770989686,0.9991549726546414,0.9993479609128565,0,0.00035817329430054556,
3b,Q4_0,force_mmq,14,0.9994985031777303,0.9992972453980014,0.999702908225242,0,0.00035817329430054556,
3b,Q4_0,force_mmq,15,0.9996841100870676,0.9994376804721096,0.9999265568391719,1,0.00035817329430054556,
3b,Q4_0,force_mmq,16,0.9994495766001461,0.999254181375533,0.9996657672437035,0,0.00035817329430054556,
3b,Q4_0,cutoff7,1,0.9996951490377665,0.9990812119538064,1.0002187159059461,2,0.00035817329430054556,
3b,Q4_0,cutoff7,2,1.0002849652098251,1.0000079094492882,1.0005653050783017,4,0.00035817329430054556,
3b,Q4_0,cutoff7,3,1.0001463625334486,0.9998693024012514,1.0004433101253574,3,0.00035817329430054556,
3b,Q4_0,cutoff7,4,1.0001104419756854,0.9997510403157864,1.0005050222201155,3,0.00035817329430054556,
3b,Q4_0,cutoff7,5,1.0001374333354074,0.9998290723152948,1.0004451266875818,4,0.00035817329430054556,
3b,Q4_0,cutoff7,6,1.0000154024602186,0.9997236423985651,1.0003428857900192,3,0.00035817329430054556,
3b,Q4_0,cutoff7,7,0.9998520397463525,0.9996384920694062,1.0001037265286374,1,0.00035817329430054556,
3b,Q4_0,cutoff7,8,0.9712000899184848,0.97104456941642,0.9713741238495863,0,0.00035817329430054556,
3b,Q4_0,cutoff7,9,1.0002927872424523,1.0000931897490013,1.000565903852464,6,0.00035817329430054556,
3b,Q4_0,cutoff7,10,0.9992915927792273,0.9989718589207072,0.9995828049209502,0,0.00035817329430054556,
3b,Q4_0,cutoff7,11,0.9992838534511237,0.9991233130657343,0.9994606039286253,0,0.00035817329430054556,
3b,Q4_0,cutoff7,12,0.999267765846851,0.9991690208109124,0.9993491643403701,0,0.00035817329430054556,
3b,Q4_0,cutoff7,13,0.9995455929501159,0.9993695117675497,0.999720111305831,0,0.00035817329430054556,
3b,Q4_0,cutoff7,14,0.9994154544717078,0.9991829715976586,0.9996917506914851,1,0.00035817329430054556,
3b,Q4_0,cutoff7,15,0.9997289152902541,0.9995306409613683,0.9998952556494078,0,0.00035817329430054556,
3b,Q4_0,cutoff7,16,0.9997227480640833,0.9995186323693783,0.9999274901845295,1,0.00035817329430054556,
3b,Q4_0,null_rebuild,1,0.9992404761327628,0.9982921127199135,1.0000756311565824,3,0.00035817329430054556,
3b,Q4_0,null_rebuild,2,1.0003581732943005,1.0002618961961292,1.000461807444226,6,0.00035817329430054556,
3b,Q4_0,null_rebuild,3,1.0000459513724256,0.9996562680402394,1.0003527320471572,4,0.00035817329430054556,
3b,Q4_0,null_rebuild,4,1.0001743068037228,0.9997223161419597,1.0005782988210044,4,0.00035817329430054556,
3b,Q4_0,null_rebuild,5,1.0000358709935941,0.9997214354946474,1.000322960339761,4,0.00035817329430054556,
3b,Q4_0,null_rebuild,6,1.0002852966418256,1.0000299344367483,1.0004938329902073,5,0.00035817329430054556,
3b,Q4_0,null_rebuild,7,0.9997462417395817,0.9993705542605743,1.000105684835002,2,0.00035817329430054556,
3b,Q4_0,null_rebuild,8,0.9999058217475971,0.9994697436693175,1.0003151585297612,3,0.00035817329430054556,
3b,Q4_0,null_rebuild,9,1.0002534568251538,0.9997852381774437,1.0006315232176812,4,0.00035817329430054556,
3b,Q4_0,null_rebuild,10,0.9999504037129894,0.9996435928225693,1.0002542188365453,3,0.00035817329430054556,
3b,Q4_0,null_rebuild,11,1.0001537155730973,0.999842662518008,1.0004491224121999,4,0.00035817329430054556,
3b,Q4_0,null_rebuild,12,1.000025920978411,0.9997127738994123,1.0002850072325398,4,0.00035817329430054556,
3b,Q4_0,null_rebuild,13,1.0000141086244856,0.9995751639458225,1.0003793341385911,4,0.00035817329430054556,
3b,Q4_0,null_rebuild,14,1.0000814351694427,0.9998544739932794,1.0003481608666016,3,0.00035817329430054556,
3b,Q4_0,null_rebuild,15,0.9999053736959421,0.9995244291227844,1.0002536303720009,3,0.00035817329430054556,
3b,Q4_0,null_rebuild,16,1.0000024247320989,0.9997653601804044,1.0002431741967845,3,0.00035817329430054556,
3b,Q8_0,force_mmq,1,0.999837349347355,0.9995336657397378,1.000119068060623,2,0.00040230380393824205,
3b,Q8_0,force_mmq,2,0.6329756549277451,0.6327988239864609,0.6331722117181722,0,0.00040230380393824205,
3b,Q8_0,force_mmq,3,0.6527700305193579,0.6525834541951216,0.6529251523420482,0,0.00040230380393824205,
3b,Q8_0,force_mmq,4,0.7037214090116969,0.703529711046093,0.703917867881982,0,0.00040230380393824205,
3b,Q8_0,force_mmq,5,0.779641076332996,0.7794978048766624,0.7798025270840219,0,0.00040230380393824205,
3b,Q8_0,force_mmq,6,0.8430470485590442,0.8427774697807332,0.843347942646619,0,0.00040230380393824205,
3b,Q8_0,force_mmq,7,0.9035557439675691,0.9033685344308694,0.9037722970418551,0,0.00040230380393824205,
3b,Q8_0,force_mmq,8,0.9910623496961728,0.9907930238120561,0.9913229620216918,0,0.00040230380393824205,
3b,Q8_0,force_mmq,9,0.9992883001680107,0.999057706864441,0.9995281329938229,0,0.00040230380393824205,
3b,Q8_0,force_mmq,10,0.9978275149073895,0.9975896614091049,0.998044749923476,0,0.00040230380393824205,
3b,Q8_0,force_mmq,11,0.9979905508584335,0.9978512681819354,0.9981549983805227,0,0.00040230380393824205,
3b,Q8_0,force_mmq,12,0.9986846308388629,0.9984386041107844,0.998913299374288,0,0.00040230380393824205,
3b,Q8_0,force_mmq,13,0.9984732419085952,0.9983509437098711,0.9985851469537028,0,0.00040230380393824205,
3b,Q8_0,force_mmq,14,0.9987724186818455,0.9985271434319191,0.9990123907717665,0,0.00040230380393824205,
3b,Q8_0,force_mmq,15,0.9987956650297011,0.9986557020582943,0.998917237922062,0,0.00040230380393824205,
3b,Q8_0,force_mmq,16,0.999180409355274,0.9988306941340978,0.9995173932930702,0,0.00040230380393824205,
3b,Q8_0,cutoff7,1,1.0001450091237898,0.999850167399442,1.000421833363586,4,0.00040230380393824205,
3b,Q8_0,cutoff7,2,1.0002939138745601,1.0000017379476898,1.0005719600782463,4,0.00040230380393824205,
3b,Q8_0,cutoff7,3,1.000035648482604,0.9996860768847947,1.0003790925373226,3,0.00040230380393824205,
3b,Q8_0,cutoff7,4,0.9999014831929262,0.9994701192697265,1.0003217215627815,3,0.00040230380393824205,
3b,Q8_0,cutoff7,5,1.000174122664743,0.9998257225391374,1.0005377681553451,4,0.00040230380393824205,
3b,Q8_0,cutoff7,6,0.9999718521058714,0.9997335679555814,1.0001940243999463,2,0.00040230380393824205,
3b,Q8_0,cutoff7,7,0.9997198167918685,0.9990558038907565,1.0002746604048105,3,0.00040230380393824205,
3b,Q8_0,cutoff7,8,0.9896636283869427,0.989390588935582,0.9899053605242064,0,0.00040230380393824205,
3b,Q8_0,cutoff7,9,1.0000000339124104,0.9998168599506955,1.000182929663461,3,0.00040230380393824205,
3b,Q8_0,cutoff7,10,0.999290220552803,0.999002472464844,0.9995013249770374,0,0.00040230380393824205,
3b,Q8_0,cutoff7,11,0.9992954313162061,0.9991466437535552,0.99946489378444,0,0.00040230380393824205,
3b,Q8_0,cutoff7,12,0.9995346059128141,0.9992992070203286,0.9997872812021606,1,0.00040230380393824205,
3b,Q8_0,cutoff7,13,0.9997337791675837,0.999550820233002,0.9999317685501584,2,0.00040230380393824205,
3b,Q8_0,cutoff7,14,0.9994535031256183,0.9993036386850266,0.9996019803945325,0,0.00040230380393824205,
3b,Q8_0,cutoff7,15,0.999559861264452,0.9993712266363756,0.9996964271721929,0,0.00040230380393824205,
3b,Q8_0,cutoff7,16,0.9999785989414508,0.9996743925655708,1.0002789479695895,3,0.00040230380393824205,
3b,Q8_0,null_rebuild,1,1.0000601008218961,0.9998168756919464,1.0002781089142412,4,0.00040230380393824205,
3b,Q8_0,null_rebuild,2,1.0003238265454446,1.0000614563884382,1.0005056953380354,5,0.00040230380393824205,
3b,Q8_0,null_rebuild,3,1.000314550690773,1.0001388478213384,1.0004484022205185,5,0.00040230380393824205,
3b,Q8_0,null_rebuild,4,1.0000444471882446,0.9997651985175889,1.0002391470822418,4,0.00040230380393824205,
3b,Q8_0,null_rebuild,5,1.0004023038039382,1.0002151062074236,1.0005928793685204,6,0.00040230380393824205,
3b,Q8_0,null_rebuild,6,1.0000972144082465,0.9998918355111115,1.0002898646508245,4,0.00040230380393824205,
3b,Q8_0,null_rebuild,7,0.9999737212633831,0.9998592643985734,1.0000819036361381,3,0.00040230380393824205,
3b,Q8_0,null_rebuild,8,1.0000092755824526,0.9998234567837855,1.000146419171081,4,0.00040230380393824205,
3b,Q8_0,null_rebuild,9,0.9999699043746295,0.9997620831870105,1.0002165943662962,3,0.00040230380393824205,
3b,Q8_0,null_rebuild,10,1.0000285942772515,0.9998737391904052,1.000173157388919,4,0.00040230380393824205,
3b,Q8_0,null_rebuild,11,0.9999310538467682,0.9997910676852457,1.000087742805222,1,0.00040230380393824205,
3b,Q8_0,null_rebuild,12,1.000127349510967,0.9998544219259633,1.0003997272945806,4,0.00040230380393824205,
3b,Q8_0,null_rebuild,13,0.9999627413855185,0.9997176264547494,1.0002243831101072,2,0.00040230380393824205,
3b,Q8_0,null_rebuild,14,1.0000006442427791,0.9997559548481373,1.0002202602980708,4,0.00040230380393824205,
3b,Q8_0,null_rebuild,15,1.0000318580492615,0.9997782441458194,1.0002531473418685,3,0.00040230380393824205,
3b,Q8_0,null_rebuild,16,0.9999784648128204,0.9997693282867559,1.000166684271333,4,0.00040230380393824205,
1b,Q4_0,force_mmq,1,1.0002010169688342,1.0000285139021559,1.0004314281919702,5,0.0002759711970707901,
1b,Q4_0,force_mmq,2,0.5604402646452057,0.5601742314392744,0.560752885456098,0,0.0002759711970707901,
1b,Q4_0,force_mmq,3,0.6382042238825387,0.6379152096468751,0.6385500887585622,0,0.0002759711970707901,
1b,Q4_0,force_mmq,4,0.7067249618601833,0.7064423993029302,0.7070202213243536,0,0.0002759711970707901,
1b,Q4_0,force_mmq,5,0.746100474374719,0.7459067049602741,0.7462982954701409,0,0.0002759711970707901,
1b,Q4_0,force_mmq,6,0.833369438708709,0.8329734402572424,0.8336967841600605,0,0.0002759711970707901,
1b,Q4_0,force_mmq,7,0.8933851412291369,0.8930110372734512,0.8937833333349989,0,0.0002759711970707901,
1b,Q4_0,force_mmq,8,0.9702766952239322,0.9698719549439507,0.9707177620710903,0,0.0002759711970707901,
1b,Q4_0,force_mmq,9,1.000411403281015,1.000139048760152,1.0006670608021577,5,0.0002759711970707901,
1b,Q4_0,force_mmq,10,1.0001523827680496,1.0000295107358586,1.0002728087278443,4,0.0002759711970707901,
1b,Q4_0,force_mmq,11,1.0001490194970664,0.9998848266160202,1.0004011315808552,5,0.0002759711970707901,
1b,Q4_0,force_mmq,12,0.9998518606668505,0.9994110291320721,1.0002706735089246,3,0.0002759711970707901,
1b,Q4_0,force_mmq,13,0.9998710277093922,0.9994812945278158,1.0003138689727034,2,0.0002759711970707901,
1b,Q4_0,force_mmq,14,1.0005939930621615,0.9998890849268751,1.0012419827322032,4,0.0002759711970707901,
1b,Q4_0,force_mmq,15,0.9999442092215846,0.9994091252796693,1.0004457250370564,3,0.0002759711970707901,
1b,Q4_0,force_mmq,16,0.9996520806463284,0.9991794811556708,1.0000721450507868,1,0.0002759711970707901,
1b,Q4_0,cutoff7,1,0.9996908433847906,0.9992718323312496,1.000285856105188,1,0.0002759711970707901,
1b,Q4_0,cutoff7,2,1.0001690825203864,0.9995642920935929,1.0008352398928493,4,0.0002759711970707901,
1b,Q4_0,cutoff7,3,0.9998751634928853,0.999400886149878,1.000450504692799,2,0.0002759711970707901,
1b,Q4_0,cutoff7,4,0.9997895374445654,0.9995035592565868,1.000082462402333,2,0.0002759711970707901,
1b,Q4_0,cutoff7,5,1.0000343208613758,0.9997494602998347,1.0003124758211714,3,0.0002759711970707901,
1b,Q4_0,cutoff7,6,0.9998512711050072,0.999581089969176,1.0000721761002571,3,0.0002759711970707901,
1b,Q4_0,cutoff7,7,0.9999627505158285,0.9995032434212733,1.0003762559627072,3,0.0002759711970707901,
1b,Q4_0,cutoff7,8,0.9679634077711409,0.9676118862849953,0.968268545856168,0,0.0002759711970707901,
1b,Q4_0,cutoff7,9,1.0006537216737659,1.000421541027716,1.0009064428136896,6,0.0002759711970707901,
1b,Q4_0,cutoff7,10,1.0004785108523173,0.9999983705016947,1.0009433225612168,4,0.0002759711970707901,
1b,Q4_0,cutoff7,11,1.0003582118084904,0.9999903794075726,1.0006806259619772,5,0.0002759711970707901,
1b,Q4_0,cutoff7,12,0.9998573850986578,0.999505649045442,1.0001782712886944,4,0.0002759711970707901,
1b,Q4_0,cutoff7,13,1.0000387576704426,0.9998057802861761,1.0003182165792948,3,0.0002759711970707901,
1b,Q4_0,cutoff7,14,1.0001825136760232,0.9996430534676923,1.0006800323961818,5,0.0002759711970707901,
1b,Q4_0,cutoff7,15,1.0010353059603876,1.0007072733424929,1.0013701059172806,6,0.0002759711970707901,
1b,Q4_0,cutoff7,16,1.0003436173359737,1.000064989027266,1.0006488813771468,5,0.0002759711970707901,
1b,Q4_0,null_rebuild,1,0.998693451070904,0.9974805206652897,0.9997063102293625,0,0.0002759711970707901,
1b,Q4_0,null_rebuild,2,1.0001117630795302,0.9996938718740327,1.0005415636584678,4,0.0002759711970707901,
1b,Q4_0,null_rebuild,3,1.00023539837271,0.9999517259952159,1.0005620430496784,3,0.0002759711970707901,
1b,Q4_0,null_rebuild,4,0.9997240288029292,0.9994045944551266,1.0000550504334242,2,0.0002759711970707901,
1b,Q4_0,null_rebuild,5,0.9998273904434922,0.9993481647132464,1.0003241856007563,2,0.0002759711970707901,
1b,Q4_0,null_rebuild,6,1.000201356443426,0.9999114732196036,1.0004906977430355,4,0.0002759711970707901,
1b,Q4_0,null_rebuild,7,0.9999634231721986,0.9995685799995762,1.0003522245186787,3,0.0002759711970707901,
1b,Q4_0,null_rebuild,8,0.9999119175453014,0.9996377493084107,1.000217367753143,3,0.0002759711970707901,
1b,Q4_0,null_rebuild,9,0.999979656326803,0.9996883920404191,1.000307462675883,3,0.0002759711970707901,
1b,Q4_0,null_rebuild,10,0.9999544109846777,0.9995686679982192,1.0002763529475411,4,0.0002759711970707901,
1b,Q4_0,null_rebuild,11,1.0000535657872363,0.9997859618289899,1.0003206506737228,4,0.0002759711970707901,
1b,Q4_0,null_rebuild,12,0.9997776019837904,0.9995740994562453,1.000049252649297,1,0.0002759711970707901,
1b,Q4_0,null_rebuild,13,0.9999350386552449,0.9996533644717256,1.000248912539446,2,0.0002759711970707901,
1b,Q4_0,null_rebuild,14,0.9997236982084409,0.9991839725928015,1.0003130644475837,2,0.0002759711970707901,
1b,Q4_0,null_rebuild,15,0.999928669729077,0.9995382298246697,1.0003493130540821,2,0.0002759711970707901,
1b,Q4_0,null_rebuild,16,1.0000602346266438,0.999606372015059,1.0004766650529657,3,0.0002759711970707901,
1b,Q8_0,force_mmq,1,0.9996779148536853,0.9989197290350784,1.0003557107335996,2,0.0003499233734491902,8
1b,Q8_0,force_mmq,2,0.6268739271153123,0.626572007037153,0.6271644182238241,0,0.0003499233734491902,8
1b,Q8_0,force_mmq,3,0.6757918434722386,0.675360501032338,0.6761736552675215,0,0.0003499233734491902,8
1b,Q8_0,force_mmq,4,0.7333992084581411,0.7332376179630673,0.7335518427512452,0,0.0003499233734491902,8
1b,Q8_0,force_mmq,5,0.7621036986175994,0.7617675508970556,0.7624877539329369,0,0.0003499233734491902,8
1b,Q8_0,force_mmq,6,0.8437979940038269,0.8434608306961147,0.844202334857797,0,0.0003499233734491902,8
1b,Q8_0,force_mmq,7,0.9031308106375666,0.902968866642948,0.9032748965374235,0,0.0003499233734491902,8
1b,Q8_0,force_mmq,8,1.0035992887824101,1.0032956919307496,1.0038587091877806,6,0.0003499233734491902,8
1b,Q8_0,force_mmq,9,1.000092108702474,0.9999901121527134,1.0001859260360895,5,0.0003499233734491902,8
1b,Q8_0,force_mmq,10,0.9999755825771593,0.9995961835702692,1.000355125585806,2,0.0003499233734491902,8
1b,Q8_0,force_mmq,11,0.9995686407676266,0.9992773197121129,0.99986493948216,1,0.0003499233734491902,8
1b,Q8_0,force_mmq,12,1.0001171898567331,0.9998371421000638,1.0003294628079993,5,0.0003499233734491902,8
1b,Q8_0,force_mmq,13,0.999815157662343,0.9994742769987269,1.000118242606735,3,0.0003499233734491902,8
1b,Q8_0,force_mmq,14,1.0003108807507695,0.9998878833521859,1.000798529640192,4,0.0003499233734491902,8
1b,Q8_0,force_mmq,15,0.9999064889453322,0.9996709793079891,1.00016362857772,1,0.0003499233734491902,8
1b,Q8_0,force_mmq,16,0.9999058184749021,0.9997648124936244,1.000050920663846,3,0.0003499233734491902,8
1b,Q8_0,cutoff7,1,1.0001533753431109,0.9999985884947673,1.0003625234161178,4,0.0003499233734491902,8
1b,Q8_0,cutoff7,2,0.999871639644701,0.9991484293115042,1.0005706346344805,3,0.0003499233734491902,8
1b,Q8_0,cutoff7,3,0.9999658226210104,0.9994360248658136,1.0005086921401904,2,0.0003499233734491902,8
1b,Q8_0,cutoff7,4,0.9998848501265916,0.9995044040967279,1.0002744964106647,3,0.0003499233734491902,8
1b,Q8_0,cutoff7,5,0.9996010803055395,0.9989411270052722,1.0002906432316718,2,0.0003499233734491902,8
1b,Q8_0,cutoff7,6,0.9997404882086863,0.9994795909512219,0.9999951069032325,1,0.0003499233734491902,8
1b,Q8_0,cutoff7,7,0.9998733978493023,0.9996302681816279,1.0001069903887772,4,0.0003499233734491902,8
1b,Q8_0,cutoff7,8,1.002206753710537,1.0019896360465617,1.0024185181875205,6,0.0003499233734491902,8
1b,Q8_0,cutoff7,9,1.0000636877173925,0.9998829049090464,1.0002433865550595,4,0.0003499233734491902,8
1b,Q8_0,cutoff7,10,0.9994662265497133,0.9991151716246468,0.9998820129000603,1,0.0003499233734491902,8
1b,Q8_0,cutoff7,11,0.9994719685407861,0.9991149383131462,0.9998963962340492,1,0.0003499233734491902,8
1b,Q8_0,cutoff7,12,0.999212421066298,0.9988043115229701,0.999583861617428,0,0.0003499233734491902,8
1b,Q8_0,cutoff7,13,0.9993676363229312,0.9991142740206251,0.9996290552512636,0,0.0003499233734491902,8
1b,Q8_0,cutoff7,14,0.9994421630671718,0.9992111003776408,0.9996936538497758,0,0.0003499233734491902,8
1b,Q8_0,cutoff7,15,1.000778795572348,1.0004616060097038,1.001144045777546,6,0.0003499233734491902,8
1b,Q8_0,cutoff7,16,0.9995813258131799,0.9992245846383145,0.9999115411293852,1,0.0003499233734491902,8
1b,Q8_0,null_rebuild,1,1.0004869881461858,0.9999336642273391,1.0010058285280996,4,0.0003499233734491902,
1b,Q8_0,null_rebuild,2,1.0000570594055698,0.9992085088677952,1.0008698584999476,3,0.0003499233734491902,
1b,Q8_0,null_rebuild,3,1.0003499233734492,0.9997540841862016,1.000940965755828,5,0.0003499233734491902,
1b,Q8_0,null_rebuild,4,1.0000677181919064,0.9996938890792315,1.0004970034371865,3,0.0003499233734491902,
1b,Q8_0,null_rebuild,5,0.9998719757858098,0.9994619750682654,1.0003365294400326,2,0.0003499233734491902,
1b,Q8_0,null_rebuild,6,0.9997280072833195,0.9995171274326999,0.9998947095225023,0,0.0003499233734491902,
1b,Q8_0,null_rebuild,7,0.999863294091012,0.9996164544796132,1.0000862277435598,3,0.0003499233734491902,
1b,Q8_0,null_rebuild,8,0.9999417051557035,0.9997200905635796,1.0001388791979913,3,0.0003499233734491902,
1b,Q8_0,null_rebuild,9,1.0001049855944972,0.9997143174350359,1.0004843195964932,4,0.0003499233734491902,
1b,Q8_0,null_rebuild,10,1.0003217212928797,0.9999066369565192,1.0007634409964425,3,0.0003499233734491902,
1b,Q8_0,null_rebuild,11,1.0000702899636078,0.999541993219639,1.0005972959919558,3,0.0003499233734491902,
1b,Q8_0,null_rebuild,12,0.9998883541373623,0.9995285617340153,1.0003163362899232,3,0.0003499233734491902,
1b,Q8_0,null_rebuild,13,0.9999252619028354,0.9996508596942801,1.0002705289954064,2,0.0003499233734491902,
1b,Q8_0,null_rebuild,14,0.9999783214745933,0.9996232414028204,1.000366647776693,3,0.0003499233734491902,
1b,Q8_0,null_rebuild,15,1.000194530609955,0.9999802857553273,1.0004924429280586,4,0.0003499233734491902,
1b,Q8_0,null_rebuild,16,1.0000463405123563,0.9997138428094715,1.000372598270447,3,0.0003499233734491902,
