phase,clock_mhz,model,quant,valid_locked_curve,ratio,gain_percent,ci95_low,ci95_high,wins,losses,null_floor_percent
primary,1200,8b,Q4_0,True,1.055997108589494,5.599710858949392,1.0559288668370261,1.0560903467737257,6,0,0.0034758019409553143
primary,1200,8b,Q8_0,True,0.930225843182023,-6.977415681797705,0.9300973414101344,0.9303720413859792,0,6,0.012696708801440693
primary,1500,8b,Q4_0,True,0.947521542214678,-5.2478457785322,0.9473508771936197,0.9477273689543443,0,6,0.009231232624928865
primary,1500,8b,Q8_0,True,0.8981133043359032,-10.188669566409681,0.8979854515325029,0.898220121846897,0,6,0.01006380723848066
primary,1800,8b,Q4_0,True,0.8642979919985609,-13.570200800143905,0.8641471885288815,0.8644114194178887,0,6,0.005603350210292568
primary,1800,8b,Q8_0,True,0.8845802689270019,-11.541973107299807,0.8844142442437402,0.8847355123661469,0,6,0.0019472337392967276
primary,2100,8b,Q4_0,True,0.8337525199425553,-16.624748005744472,0.833533048564598,0.8339941440429287,0,6,0.0021983662525482117
primary,2100,8b,Q8_0,True,0.8831531590574917,-11.68468409425083,0.8830707926690771,0.8832484782988772,0,6,0.0022624488753120175
primary,2520,8b,Q4_0,False,0.8162835288909528,-18.37164711090472,0.8160876998603123,0.8166066371628428,0,6,0.023959043114651912
primary,2520,8b,Q8_0,False,0.8878152285851219,-11.218477141487815,0.8876822287212823,0.8879619504294685,0,6,0.01643824037950159
small_model,1200,1b,Q8_0,True,0.8897705772698002,-11.022942273019975,0.8896038719265871,0.8899340372317891,0,6,0.016855731614073832
small_model,1500,1b,Q8_0,True,0.8470234658911184,-15.297653410888156,0.8466306405078283,0.8474315194944463,0,6,0.050519780439217676
small_model,2100,1b,Q8_0,True,0.8347977206247936,-16.520227937520637,0.8345036016398552,0.8351056340485133,0,6,0.027281120708821938
