gpu,model,quant,world,n,paired_gm,ci95_low,ci95_high,wins,paired_null_floor_n2_to_8,first_above_null_floor_n2_to_8
L4,8b,Q4_0,force_mmq,8,1.0629986155117042,1.0539232396617755,1.0695626044370568,6,0.012527512278061814,8
L4,8b,Q4_0,cutoff7,8,1.062301595750673,1.053111787862002,1.0688928234945694,6,0.012527512278061814,8
L4,8b,Q4_0,null_rebuild,8,0.9893612964342906,0.9759527200852756,0.9999266434653655,2,0.012527512278061814,
L4,8b,Q8_0,force_mmq,8,1.0143741640854427,1.0119828023031474,1.0166181121039979,6,0.0009503355877222841,8
L4,8b,Q8_0,cutoff7,8,1.0136248399771914,1.0113379900271957,1.015810191685495,6,0.0009503355877222841,8
L4,8b,Q8_0,null_rebuild,8,0.9990496644122777,0.9962269547784574,1.0027418159385162,2,0.0009503355877222841,
L4,3b,Q4_0,force_mmq,8,0.9747081454286649,0.9736484087456028,0.9760724508350291,0,0.0012047241139334641,
L4,3b,Q4_0,cutoff7,8,0.9738463965557659,0.9732384923857252,0.9747364718138883,0,0.0012047241139334641,
L4,3b,Q4_0,null_rebuild,8,1.000453605467969,0.9997087145143916,1.0013845167961342,3,0.0012047241139334641,
L4,3b,Q8_0,force_mmq,8,0.8873646675935002,0.8869702186153784,0.8877466883729328,0,0.0004849866852308926,
L4,3b,Q8_0,cutoff7,8,0.8860099485641841,0.8856471519079615,0.8864390597064901,0,0.0004849866852308926,6
L4,3b,Q8_0,null_rebuild,8,1.000261788506709,0.9999969169873693,1.0005658373025208,5,0.0004849866852308926,
L4,1b,Q4_0,force_mmq,8,0.9917259503148543,0.9910451138359575,0.9924019754055028,0,0.0010041313184778744,
L4,1b,Q4_0,cutoff7,8,0.9895590915242336,0.9888972307342738,0.9901293976829774,0,0.0010041313184778744,
L4,1b,Q4_0,null_rebuild,8,1.0003180642553424,0.9996767851209609,1.000963130229748,3,0.0010041313184778744,
L4,1b,Q8_0,force_mmq,8,0.8726873026539047,0.8721856974522931,0.8731904083923792,0,0.0007378485659923495,
L4,1b,Q8_0,cutoff7,8,0.8720098003962548,0.8717625527743849,0.8722606966226047,0,0.0007378485659923495,
L4,1b,Q8_0,null_rebuild,8,1.00002365649614,0.9993922297848946,1.0006618660139397,3,0.0007378485659923495,
L20,8b,Q4_0,force_mmq,8,1.0711582393866341,1.0708716677594157,1.0713995898995803,6,0.00013143403517967833,8
L20,8b,Q4_0,cutoff7,8,1.0706259155416,1.0703814677642614,1.0708969999852027,6,0.00013143403517967833,2
L20,8b,Q4_0,null_rebuild,8,1.000104092506887,0.9997402821635889,1.0004149392784776,4,0.00013143403517967833,
L20,8b,Q8_0,force_mmq,8,1.11462540109424,1.1143200694617725,1.115051723230638,6,0.00022243882455208475,7
L20,8b,Q8_0,cutoff7,8,1.1139071059988146,1.113731187249277,1.1141458236297208,6,0.00022243882455208475,8
L20,8b,Q8_0,null_rebuild,8,1.0000076021649367,0.9998610424098161,1.0002108807822152,3,0.00022243882455208475,
L20,3b,Q4_0,force_mmq,8,0.9725265466276509,0.9723573347997637,0.9726925167612472,0,0.00035817329430054556,
L20,3b,Q4_0,cutoff7,8,0.9712000899184848,0.97104456941642,0.9713741238495863,0,0.00035817329430054556,
L20,3b,Q4_0,null_rebuild,8,0.9999058217475971,0.9994697436693175,1.0003151585297612,3,0.00035817329430054556,
L20,3b,Q8_0,force_mmq,8,0.9910623496961728,0.9907930238120561,0.9913229620216918,0,0.00040230380393824205,
L20,3b,Q8_0,cutoff7,8,0.9896636283869427,0.989390588935582,0.9899053605242064,0,0.00040230380393824205,
L20,3b,Q8_0,null_rebuild,8,1.0000092755824526,0.9998234567837855,1.000146419171081,4,0.00040230380393824205,
L20,1b,Q4_0,force_mmq,8,0.9702766952239322,0.9698719549439507,0.9707177620710903,0,0.0002759711970707901,
L20,1b,Q4_0,cutoff7,8,0.9679634077711409,0.9676118862849953,0.968268545856168,0,0.0002759711970707901,
L20,1b,Q4_0,null_rebuild,8,0.9999119175453014,0.9996377493084107,1.000217367753143,3,0.0002759711970707901,
L20,1b,Q8_0,force_mmq,8,1.0035992887824101,1.0032956919307496,1.0038587091877806,6,0.0003499233734491902,8
L20,1b,Q8_0,cutoff7,8,1.002206753710537,1.0019896360465617,1.0024185181875205,6,0.0003499233734491902,8
L20,1b,Q8_0,null_rebuild,8,0.9999417051557035,0.9997200905635796,1.0001388791979913,3,0.0003499233734491902,
