ne11,rounds,selected_tps_median,force_mmq_tps_median,null_rebuild_tps_median,force_mmq/selected_ratio_of_medians,force_mmq/selected_geomean_paired,ci95_lo,ci95_hi,force_mmq_rounds_won,null_rebuild/selected_ratio_of_medians,null_rebuild/selected_geomean_paired,null_ci95_lo,null_ci95_hi
1,6,161.874,155.797,151.636,0.96246,0.72527,0.39185,1.00225,3/6,0.93676,0.95374,0.91908,0.99933
2,6,289.990,200.110,294.691,0.69006,0.58973,0.33722,0.89286,1/6,1.01621,1.02706,0.85012,1.22271
3,6,238.311,221.840,242.926,0.93088,0.76434,0.52681,0.98036,1/6,1.01936,0.97354,0.77649,1.17510
4,6,271.343,286.904,267.310,1.05735,0.85193,0.59918,1.06711,4/6,0.98514,0.90171,0.73597,1.01495
5,6,317.491,355.306,311.341,1.11911,0.89623,0.62682,1.12654,4/6,0.98063,0.89350,0.72118,1.00228
6,6,335.074,423.374,331.649,1.26353,1.00788,0.70327,1.27329,4/6,0.98978,0.90109,0.72625,1.01577
7,6,344.373,490.684,341.456,1.42486,1.14053,0.79218,1.43424,5/6,0.99153,0.90080,0.73887,0.99719
8,6,350.196,558.726,346.775,1.59547,1.26959,0.87991,1.60059,5/6,0.99023,0.89649,0.72717,1.00234
9,6,560.779,573.417,557.151,1.02254,0.82475,0.58628,1.02367,4/6,0.99353,0.91244,0.75491,1.01022
10,6,620.740,629.165,613.045,1.01357,0.82982,0.59272,1.02152,3/6,0.98760,0.90979,0.76634,1.00178
11,6,684.289,686.636,671.991,1.00343,0.81671,0.58139,1.01065,2/6,0.98203,0.90051,0.74854,0.99878
12,6,734.946,744.176,727.356,1.01256,0.82184,0.58207,1.02212,4/6,0.98967,0.90583,0.75458,1.00447
13,6,794.175,799.639,785.518,1.00688,0.82385,0.58666,1.01684,4/6,0.98910,0.90762,0.75372,0.99960
14,6,845.052,859.209,838.291,1.01675,0.94778,0.82792,1.01903,4/6,0.99200,0.90875,0.75877,0.99779
15,6,905.449,910.535,901.854,1.00562,0.93028,0.80604,1.00467,1/6,0.99603,0.91286,0.76030,1.00513
16,6,950.238,964.393,969.483,1.01490,0.93828,0.81324,1.01583,4/6,1.02025,0.93052,0.77573,1.02139
