2026/10/09 11:41:04.570, 810, 9001, 136.08, 350.00, 39, 0, 0x0000000000000000
2026/10/09 11:41:04.674, 810, 9001, 136.08, 350.00, 39, 0, 0x0000000000000000
2026/10/09 11:41:04.774, 810, 9001, 127.55, 350.00, 39, 0, 0x0000000000000000
2026/10/09 11:41:04.875, 810, 9001, 119.14, 350.00, 39, 0, 0x0000000000000000
2026/10/09 11:41:04.975, 810, 9001, 110.62, 350.00, 39, 0, 0x0000000000000000
2026/10/09 11:41:05.075, 810, 9001, 101.90, 350.00, 39, 0, 0x0000000000000000
2026/10/09 11:41:05.175, 810, 9001, 93.15, 350.00, 38, 0, 0x0000000000000000
2026/10/09 11:41:05.276, 810, 9001, 85.09, 350.00, 38, 33, 0x0000000000000000
2026/10/09 11:41:05.376, 810, 9001, 76.93, 350.00, 38, 33, 0x0000000000000000
2026/10/09 11:41:05.477, 810, 9001, 69.00, 350.00, 38, 55, 0x0000000000000000
2026/10/09 11:41:05.577, 810, 9001, 67.60, 350.00, 38, 55, 0x0000000000000000
2026/10/09 11:41:05.678, 810, 9001, 78.26, 350.00, 38, 58, 0x0000000000000000
2026/10/09 11:41:05.778, 810, 9001, 89.66, 350.00, 41, 58, 0x0000000000000000
2026/10/09 11:41:05.879, 810, 9001, 101.21, 350.00, 42, 99, 0x0000000000000000
2026/10/09 11:41:05.980, 810, 9001, 112.61, 350.00, 42, 99, 0x0000000000000000
2026/10/09 11:41:06.080, 810, 9001, 124.02, 350.00, 42, 99, 0x0000000000000000
2026/10/09 11:41:06.181, 810, 9001, 135.49, 350.00, 42, 99, 0x0000000000000000
2026/10/09 11:41:06.281, 810, 9001, 147.11, 350.00, 42, 99, 0x0000000000000000
2026/10/09 11:41:06.382, 810, 9001, 157.98, 350.00, 42, 99, 0x0000000000000000
2026/10/09 11:41:06.482, 810, 9001, 168.73, 350.00, 43, 93, 0x0000000000000000
2026/10/09 11:41:06.583, 810, 9001, 176.61, 350.00, 42, 93, 0x0000000000000000
2026/10/09 11:41:06.683, 810, 9001, 184.97, 350.00, 42, 99, 0x0000000000000000
2026/10/09 11:41:06.784, 810, 9001, 182.64, 350.00, 42, 99, 0x0000000000000000
2026/10/09 11:41:06.884, 810, 9001, 179.59, 350.00, 42, 99, 0x0000000000000000
2026/10/09 11:41:06.985, 810, 9001, 176.79, 350.00, 42, 99, 0x0000000000000000
2026/10/09 11:41:07.085, 810, 9001, 173.68, 350.00, 42, 99, 0x0000000000000000
2026/10/09 11:41:07.186, 810, 9001, 170.69, 350.00, 42, 99, 0x0000000000000000
2026/10/09 11:41:07.286, 810, 9001, 167.74, 350.00, 42, 99, 0x0000000000000000
2026/10/09 11:41:07.387, 810, 9001, 164.63, 350.00, 42, 99, 0x0000000000000000
2026/10/09 11:41:07.487, 810, 9001, 161.84, 350.00, 42, 99, 0x0000000000000000
2026/10/09 11:41:07.588, 810, 9001, 158.98, 350.00, 42, 99, 0x0000000000000000
2026/10/09 11:41:07.688, 810, 9001, 159.01, 350.00, 42, 99, 0x0000000000000000
2026/10/09 11:41:07.789, 810, 9001, 158.97, 350.00, 42, 99, 0x0000000000000000
2026/10/09 11:41:07.889, 810, 9001, 159.03, 350.00, 42, 99, 0x0000000000000000
2026/10/09 11:41:07.990, 810, 9001, 158.99, 350.00, 42, 99, 0x0000000000000000
2026/10/09 11:41:08.090, 810, 9001, 158.58, 350.00, 42, 99, 0x0000000000000000
2026/10/09 11:41:08.191, 810, 9001, 158.63, 350.00, 42, 99, 0x0000000000000000
2026/10/09 11:41:08.291, 810, 9001, 158.59, 350.00, 42, 99, 0x0000000000000000
2026/10/09 11:41:08.391, 810, 9001, 158.57, 350.00, 42, 99, 0x0000000000000000
2026/10/09 11:41:08.492, 810, 9001, 151.79, 350.00, 42, 97, 0x0000000000000000
