2026/10/09 11:45:36.386, 2520, 9001, 171.96, 350.00, 43, 7, 0x0000000000000000
2026/10/09 11:45:36.489, 2520, 9001, 171.96, 350.00, 43, 7, 0x0000000000000000
2026/10/09 11:45:36.589, 2520, 9001, 172.00, 350.00, 43, 7, 0x0000000000000000
2026/10/09 11:45:36.690, 2520, 9001, 172.08, 350.00, 42, 1, 0x0000000000000000
2026/10/09 11:45:36.790, 2520, 9001, 158.63, 350.00, 42, 1, 0x0000000000000000
2026/10/09 11:45:36.890, 2520, 9001, 144.10, 350.00, 42, 0, 0x0000000000000000
2026/10/09 11:45:36.991, 2520, 9001, 129.40, 350.00, 42, 0, 0x0000000000000000
2026/10/09 11:45:37.091, 2520, 9001, 118.58, 350.00, 42, 49, 0x0000000000000000
2026/10/09 11:45:37.191, 2520, 9001, 107.73, 350.00, 42, 49, 0x0000000000000000
2026/10/09 11:45:37.292, 2520, 9001, 96.74, 350.00, 42, 55, 0x0000000000000000
2026/10/09 11:45:37.392, 2520, 9001, 85.13, 350.00, 42, 55, 0x0000000000000000
2026/10/09 11:45:37.493, 2520, 9001, 100.59, 350.00, 43, 80, 0x0000000000000000
2026/10/09 11:45:37.593, 2520, 9001, 116.52, 350.00, 46, 80, 0x0000000000000000
2026/10/09 11:45:37.694, 2520, 9001, 132.58, 350.00, 47, 99, 0x0000000000000000
2026/10/09 11:45:37.794, 2520, 9001, 147.84, 350.00, 47, 99, 0x0000000000000000
2026/10/09 11:45:37.895, 2520, 9001, 163.67, 350.00, 48, 99, 0x0000000000000000
2026/10/09 11:45:37.996, 2520, 9001, 179.46, 350.00, 48, 99, 0x0000000000000000
2026/10/09 11:45:38.096, 2520, 9001, 195.20, 350.00, 48, 99, 0x0000000000000000
2026/10/09 11:45:38.197, 2520, 9001, 209.85, 350.00, 48, 99, 0x0000000000000000
2026/10/09 11:45:38.297, 2520, 9001, 224.86, 350.00, 48, 99, 0x0000000000000000
2026/10/09 11:45:38.398, 2520, 9001, 239.90, 350.00, 48, 99, 0x0000000000000000
