2026/10/09 11:45:43.445, 2505, 9001, 303.44, 350.00, 45, 35, 0x0000000000000004
2026/10/09 11:45:43.549, 2505, 9001, 303.44, 350.00, 45, 35, 0x0000000000000004
2026/10/09 11:45:43.649, 2505, 9001, 284.23, 350.00, 44, 35, 0x0000000000000004
2026/10/09 11:45:43.750, 2520, 9001, 255.32, 350.00, 44, 0, 0x0000000000000004
2026/10/09 11:45:43.850, 2520, 9001, 232.63, 350.00, 43, 0, 0x0000000000000000
2026/10/09 11:45:43.950, 2520, 9001, 208.31, 350.00, 43, 0, 0x0000000000000000
2026/10/09 11:45:44.050, 2520, 9001, 184.20, 350.00, 43, 0, 0x0000000000000000
2026/10/09 11:45:44.151, 2520, 9001, 160.27, 350.00, 43, 13, 0x0000000000000000
2026/10/09 11:45:44.251, 2520, 9001, 136.03, 350.00, 43, 13, 0x0000000000000000
2026/10/09 11:45:44.352, 2520, 9001, 112.28, 350.00, 43, 55, 0x0000000000000000
2026/10/09 11:45:44.452, 2520, 9001, 88.48, 350.00, 42, 55, 0x0000000000000000
2026/10/09 11:45:44.553, 2520, 9001, 91.43, 350.00, 46, 27, 0x0000000000000000
2026/10/09 11:45:44.654, 2520, 9001, 107.74, 350.00, 48, 27, 0x0000000000000000
2026/10/09 11:45:44.755, 2520, 9001, 124.01, 350.00, 49, 99, 0x0000000000000000
2026/10/09 11:45:44.855, 2520, 9001, 141.12, 350.00, 49, 99, 0x0000000000000000
2026/10/09 11:45:44.956, 2520, 9001, 157.94, 350.00, 49, 99, 0x0000000000000000
2026/10/09 11:45:45.057, 2520, 9001, 174.94, 350.00, 49, 99, 0x0000000000000000
2026/10/09 11:45:45.157, 2520, 9001, 192.04, 350.00, 50, 99, 0x0000000000000000
2026/10/09 11:45:45.258, 2520, 9001, 201.81, 350.00, 49, 99, 0x0000000000000000
2026/10/09 11:45:45.358, 2520, 9001, 217.57, 350.00, 50, 99, 0x0000000000000000
2026/10/09 11:45:45.459, 2520, 9001, 233.61, 350.00, 50, 99, 0x0000000000000000
2026/10/09 11:45:45.559, 2520, 9001, 249.74, 350.00, 50, 99, 0x0000000000000000
2026/10/09 11:45:45.660, 2520, 9001, 261.21, 350.00, 50, 99, 0x0000000000000000
2026/10/09 11:45:45.761, 2520, 9001, 261.04, 350.00, 50, 99, 0x0000000000000000
2026/10/09 11:45:45.861, 2520, 9001, 260.94, 350.00, 50, 99, 0x0000000000000000
2026/10/09 11:45:45.962, 2520, 9001, 260.52, 350.00, 50, 99, 0x0000000000000000
2026/10/09 11:45:46.062, 2520, 9001, 260.28, 350.00, 50, 99, 0x0000000000000000
2026/10/09 11:45:46.163, 2520, 9001, 259.89, 350.00, 50, 99, 0x0000000000000000
2026/10/09 11:45:46.263, 2520, 9001, 259.37, 350.00, 50, 99, 0x0000000000000000
