2026/10/09 18:20:26.310, 1200, 9001, 109.56, 350.00, 33, 9, 0x0000000000000000
2026/10/09 18:20:26.413, 1200, 9001, 109.56, 350.00, 33, 9, 0x0000000000000000
2026/10/09 18:20:26.514, 1200, 9001, 94.40, 350.00, 34, 9, 0x0000000000000000
2026/10/09 18:20:26.615, 1200, 9001, 79.75, 350.00, 33, 0, 0x0000000000000000
2026/10/09 18:20:26.715, 1200, 9001, 65.86, 350.00, 33, 0, 0x0000000000000000
2026/10/09 18:20:26.815, 1200, 9001, 64.28, 350.00, 33, 0, 0x0000000000000000
2026/10/09 18:20:26.916, 1200, 9001, 64.73, 350.00, 33, 0, 0x0000000000000000
2026/10/09 18:20:27.016, 1200, 9001, 65.31, 350.00, 33, 52, 0x0000000000000000
2026/10/09 18:20:27.117, 1200, 9001, 65.87, 350.00, 33, 52, 0x0000000000000000
2026/10/09 18:20:27.217, 1200, 9001, 66.47, 350.00, 33, 51, 0x0000000000000000
2026/10/09 18:20:27.318, 1200, 9001, 71.14, 350.00, 33, 51, 0x0000000000000000
2026/10/09 18:20:27.418, 1200, 9001, 81.61, 350.00, 35, 94, 0x0000000000000000
2026/10/09 18:20:27.519, 1200, 9001, 92.31, 350.00, 36, 94, 0x0000000000000000
2026/10/09 18:20:27.619, 1200, 9001, 102.97, 350.00, 37, 99, 0x0000000000000000
2026/10/09 18:20:27.720, 1200, 9001, 106.66, 350.00, 35, 80, 0x0000000000000000
