2026/10/09 18:21:34.570, 1500, 9001, 66.65, 350.00, 42, 0, 0x0000000000000001
2026/10/09 18:21:34.673, 1500, 9001, 66.65, 350.00, 42, 0, 0x0000000000000001
2026/10/09 18:21:34.774, 1500, 9001, 67.54, 350.00, 42, 0, 0x0000000000000001
2026/10/09 18:21:34.875, 1500, 9001, 67.72, 350.00, 42, 0, 0x0000000000000000
2026/10/09 18:21:34.975, 1500, 9001, 67.68, 350.00, 42, 0, 0x0000000000000000
2026/10/09 18:21:35.075, 1500, 9001, 67.63, 350.00, 42, 0, 0x0000000000000000
2026/10/09 18:21:35.176, 1500, 9001, 67.82, 350.00, 42, 0, 0x0000000000000000
2026/10/09 18:21:35.276, 1500, 9001, 68.11, 350.00, 42, 50, 0x0000000000000000
2026/10/09 18:21:35.377, 1500, 9001, 68.36, 350.00, 42, 50, 0x0000000000000000
2026/10/09 18:21:35.477, 1500, 9001, 70.42, 350.00, 42, 51, 0x0000000000000000
2026/10/09 18:21:35.577, 1500, 9001, 70.40, 350.00, 42, 51, 0x0000000000000000
2026/10/09 18:21:35.678, 1500, 9001, 85.24, 350.00, 45, 92, 0x0000000000000000
2026/10/09 18:21:35.778, 1500, 9001, 85.24, 350.00, 48, 92, 0x0000000000000000
2026/10/09 18:21:35.879, 1500, 9001, 123.24, 350.00, 49, 99, 0x0000000000000000
2026/10/09 18:21:35.979, 1500, 9001, 141.06, 350.00, 50, 99, 0x0000000000000000
2026/10/09 18:21:36.080, 1500, 9001, 159.18, 350.00, 50, 99, 0x0000000000000000
2026/10/09 18:21:36.180, 1500, 9001, 177.34, 350.00, 50, 99, 0x0000000000000000
2026/10/09 18:21:36.281, 1500, 9001, 194.87, 350.00, 51, 99, 0x0000000000000000
2026/10/09 18:21:36.381, 1500, 9001, 211.78, 350.00, 51, 99, 0x0000000000000000
2026/10/09 18:21:36.482, 1500, 9001, 229.32, 350.00, 51, 99, 0x0000000000000000
2026/10/09 18:21:36.582, 1500, 9001, 247.05, 350.00, 51, 99, 0x0000000000000000
2026/10/09 18:21:36.683, 1500, 9001, 265.23, 350.00, 51, 97, 0x0000000000000000
