2026/10/09 18:30:15.936, 2100, 9001, 211.07, 350.00, 48, 0, 0x0000000000000000
2026/10/09 18:30:16.068, 2100, 9001, 211.07, 350.00, 48, 0, 0x0000000000000000
2026/10/09 18:30:16.173, 2100, 9001, 191.93, 350.00, 48, 0, 0x0000000000000000
2026/10/09 18:30:16.273, 2100, 9001, 173.44, 350.00, 48, 3, 0x0000000000000000
2026/10/09 18:30:16.373, 2100, 9001, 153.64, 350.00, 48, 3, 0x0000000000000000
2026/10/09 18:30:16.474, 2100, 9001, 134.46, 350.00, 47, 0, 0x0000000000000000
2026/10/09 18:30:16.574, 2100, 9001, 115.46, 350.00, 47, 0, 0x0000000000000000
2026/10/09 18:30:16.674, 2100, 9001, 96.84, 350.00, 47, 31, 0x0000000000000000
2026/10/09 18:30:16.775, 2100, 9001, 78.06, 350.00, 47, 31, 0x0000000000000000
2026/10/09 18:30:16.875, 2100, 9001, 74.95, 350.00, 47, 52, 0x0000000000000000
2026/10/09 18:30:16.976, 2100, 9001, 73.79, 350.00, 47, 52, 0x0000000000000000
2026/10/09 18:30:17.076, 2100, 9001, 74.30, 350.00, 47, 52, 0x0000000000000000
2026/10/09 18:30:17.177, 2100, 9001, 74.86, 350.00, 47, 52, 0x0000000000000000
2026/10/09 18:30:17.277, 2100, 9001, 75.06, 350.00, 47, 42, 0x0000000000000000
2026/10/09 18:30:17.378, 2100, 9001, 79.29, 350.00, 49, 42, 0x0000000000000000
2026/10/09 18:30:17.478, 2100, 9001, 92.14, 350.00, 50, 94, 0x0000000000000000
2026/10/09 18:30:17.579, 2100, 9001, 105.29, 350.00, 50, 94, 0x0000000000000000
2026/10/09 18:30:17.680, 2100, 9001, 118.50, 350.00, 50, 99, 0x0000000000000000
2026/10/09 18:30:17.780, 2100, 9001, 131.06, 350.00, 50, 99, 0x0000000000000000
2026/10/09 18:30:17.881, 2100, 9001, 143.49, 350.00, 51, 99, 0x0000000000000000
2026/10/09 18:30:17.981, 2100, 9001, 155.85, 350.00, 51, 99, 0x0000000000000000
2026/10/09 18:30:18.082, 2100, 9001, 168.50, 350.00, 51, 99, 0x0000000000000000
2026/10/09 18:30:18.183, 2100, 9001, 181.13, 350.00, 51, 99, 0x0000000000000000
2026/10/09 18:30:18.283, 2100, 9001, 193.70, 350.00, 51, 99, 0x0000000000000000
2026/10/09 18:30:18.384, 2100, 9001, 206.56, 350.00, 51, 99, 0x0000000000000000
2026/10/09 18:30:18.485, 2100, 9001, 215.29, 350.00, 51, 99, 0x0000000000000000
2026/10/09 18:30:18.585, 2100, 9001, 215.55, 350.00, 51, 99, 0x0000000000000000
2026/10/09 18:30:18.686, 2100, 9001, 215.58, 350.00, 51, 99, 0x0000000000000000
2026/10/09 18:30:18.787, 2100, 9001, 215.63, 350.00, 51, 99, 0x0000000000000000
2026/10/09 18:30:18.887, 2100, 9001, 208.21, 350.00, 49, 99, 0x0000000000000000
2026/10/09 18:30:18.988, 2100, 9001, 197.05, 350.00, 48, 100, 0x0000000000000000
