2026/10/09 18:31:59.282, 2100, 9001, 111.01, 350.00, 43, 8, 0x0000000000000000
2026/10/09 18:31:59.385, 2100, 9001, 111.01, 350.00, 43, 8, 0x0000000000000000
2026/10/09 18:31:59.485, 2100, 9001, 107.27, 350.00, 43, 8, 0x0000000000000000
2026/10/09 18:31:59.585, 2100, 9001, 107.66, 350.00, 43, 3, 0x0000000000000000
2026/10/09 18:31:59.686, 2100, 9001, 107.73, 350.00, 43, 3, 0x0000000000000000
2026/10/09 18:31:59.786, 2100, 9001, 107.64, 350.00, 43, 14, 0x0000000000000000
2026/10/09 18:31:59.886, 2100, 9001, 99.95, 350.00, 43, 14, 0x0000000000000000
2026/10/09 18:31:59.987, 2100, 9001, 105.00, 350.00, 43, 73, 0x0000000000000000
2026/10/09 18:32:00.088, 2100, 9001, 110.09, 350.00, 47, 73, 0x0000000000000000
2026/10/09 18:32:00.188, 2100, 9001, 115.71, 350.00, 48, 97, 0x0000000000000000
