2026/10/09 18:31:20.814, 2100, 9001, 115.38, 350.00, 44, 8, 0x0000000000000000
2026/10/09 18:31:20.917, 2100, 9001, 115.38, 350.00, 44, 8, 0x0000000000000000
2026/10/09 18:31:21.017, 2100, 9001, 115.14, 350.00, 43, 8, 0x0000000000000000
2026/10/09 18:31:21.118, 2100, 9001, 115.55, 350.00, 43, 0, 0x0000000000000000
2026/10/09 18:31:21.218, 2100, 9001, 115.44, 350.00, 42, 0, 0x0000000000000000
2026/10/09 18:31:21.318, 2100, 9001, 115.42, 350.00, 42, 0, 0x0000000000000000
2026/10/09 18:31:21.418, 2100, 9001, 115.43, 350.00, 42, 0, 0x0000000000000000
2026/10/09 18:31:21.519, 2100, 9001, 124.19, 350.00, 42, 58, 0x0000000000000000
2026/10/09 18:31:21.619, 2100, 9001, 119.35, 350.00, 44, 58, 0x0000000000000000
2026/10/09 18:31:21.720, 2100, 9001, 113.96, 350.00, 44, 98, 0x0000000000000000
2026/10/09 18:31:21.820, 2100, 9001, 108.92, 350.00, 44, 49, 0x0000000000000000
